ค่าย,ประเภทแพ็กเกจ,ชื่อแพ็กเกจ, ค่าบริการ ,หน่วยราคา,โทรในเครือข่าย,โทรนอกเครือข่าย,เงื่อนไขโทร,ปริมาณเน็ต,ความเร็วเน็ตสูงสุด,Wifi,ส่วนเกินค่าโทรในเครือข่าย,ส่วนเกินค่าโทรนอกเครือข่าย,ส่วนเกินค่าเน็ต,SMS,MMS,ส่วนเกินSMS ,ส่วนเกินMMS ,ของแถม,เงื่อนไขเพิ่มเติม,Type,price,baht,call,min,netcapacity,gb,speed,mbps
AIS,รายเดือน,5G Max Speed,"1,999",บาท/เดือน,ไม่จำกัด,600 นาที,,ไม่จำกัด,1 Gbps,AIS Super Wifi (ไม่จำกัด), - , 1.5 บ./นาที ,-,-,-, 2.5 บ./ข้อความ , 4 บ./ข้อความ ,"ซิมการ์ด 5G พร้อมเน็ต 50 GB (12 รอบบิล) 4 SIM, PLAY Premium 3 เดือน, Youtube Premium 4 เดือน, AIS 5G PLAY VR 12 เดือน, AIS 5G PLAY AR 12 เดือน, AIS 5G Cloud game 3 เดือน, ฟรี AIS 5G VR Port มูลค่า 690 บ., Google One 100 GB 6 เดือน",โทรฟรีสูงสุดครั้งละ 1 ชม. ,5G,1999,,600,,9999,,1000,
AIS,รายเดือน,5G Max Speed,"1,699",บาท/เดือน,ไม่จำกัด,400 นาที,,ไม่จำกัด,1 Gbps,AIS Super Wifi (ไม่จำกัด), - , 1.5 บ./นาที ,-,-,-, 2.5 บ./ข้อความ , 4 บ./ข้อความ ,"ซิมการ์ด 5G พร้อมเน็ต 50 GB (12 รอบบิล) 3 SIM, PLAY Premium 3 เดือน, Youtube Premium 4 เดือน, AIS 5G PLAY VR 12 เดือน, AIS 5G PLAY AR 12 เดือน, AIS 5G Cloud game 3 เดือน, ฟรี AIS 5G VR Port มูลค่า 690 บ., Google One 100 GB 6 เดือน",โทรฟรีสูงสุดครั้งละ 1 ชม. ,5G,1699,,400,,9999,,1000,
AIS,รายเดือน,5G Max Speed,"1,399",บาท/เดือน,ไม่จำกัด,250 นาที,,ไม่จำกัด,1 Gbps,AIS Super Wifi (ไม่จำกัด), - , 1.5 บ./นาที ,-,-,-, 2.5 บ./ข้อความ , 4 บ./ข้อความ ,"ซิมการ์ด 5G พร้อมเน็ต 50 GB (12 รอบบิล) 2 SIM, PLAY Premium 3 เดือน, Youtube Premium 4 เดือน, AIS 5G PLAY VR 12 เดือน, AIS 5G PLAY AR 12 เดือน, AIS 5G Cloud game 3 เดือน, ฟรี AIS 5G VR Port มูลค่า 690 บ., Google One 100 GB 6 เดือน",โทรฟรีสูงสุดครั้งละ 1 ชม. ,5G,1399,,250,,9999,,1000,
AIS,รายเดือน,5G Max Speed,"1,199",บาท/เดือน,ไม่จำกัด,150 นาที,,ไม่จำกัด,1 Gbps,AIS Super Wifi (ไม่จำกัด), - , 1.5 บ./นาที ,-,-,-, 2.5 บ./ข้อความ , 4 บ./ข้อความ ,"ซิมการ์ด 5G พร้อมเน็ต 50 GB (12 รอบบิล) 1 SIM, PLAY Premium 3 เดือน, Youtube Premium 4 เดือน, AIS 5G PLAY VR 12 เดือน, AIS 5G PLAY AR 12 เดือน, AIS 5G Cloud game 3 เดือน, ฟรี AIS 5G VR Port, Google One 100 GB 6 เดือน",โทรฟรีสูงสุดครั้งละ 1 ชม. ,5G,1199,,150,,9999,,1000,
AIS,รายเดือน,5G Max Speed,899,บาท/เดือน,ไม่จำกัด,70 นาที,,80 GB,1 Gbps,AIS Super Wifi (ไม่จำกัด), - , 1.5 บ./นาที ,-,-,-, 2.5 บ./ข้อความ , 4 บ./ข้อความ ,"PLAY Premium 3 เดือน, Youtube Premium 4 เดือน, AIS 5G PLAY VR 6 เดือน, AIS 5G PLAY AR 6 เดือน, AIS 5G Cloud game 3 เดือน, ส่วนลด AIS 5G VR Port 20% เหลือ 550 บ., Google One 100 GB 6 เดือน","โทรฟรีสูงสุดครั้งละ 1 ชม., หลังจากใช้งาน Internet ครบตามปริมาณที่กำหนด สามารถเล่นเน็ตได้ต่อเนื่อง ความเร็วสูงสุด 384 Kbps",5G,899,,70,,80,,1000,
AIS,รายเดือน,5G Max Speed,699,บาท/เดือน,ไม่จำกัด,50 นาที,,50 GB,1 Gbps,AIS Super Wifi (ไม่จำกัด), - , 1.5 บ./นาที ,-,-,-, 2.5 บ./ข้อความ , 4 บ./ข้อความ ,"PLAY Premium 3 เดือน, Youtube Premium 4 เดือน, AIS 5G PLAY VR 12 เดือน, AIS 5G PLAY AR 12 เดือน, AIS 5G Cloud game 3 เดือน,  ส่วนลด AIS 5G VR Port 20% เหลือ 550 บ., Google One 100 GB 3 เดือน","โทรฟรีสูงสุดครั้งละ 1 ชม., หลังจากใช้งาน Internet ครบตามปริมาณที่กำหนด สามารถเล่นเน็ตได้ต่อเนื่อง ความเร็วสูงสุด 384 Kbps",5G,699,,50,,50,,1000,
AIS,รายเดือน,5G Max Speed,599,บาท/เดือน,300 นาที ,300 นาที ,(ทุกเครือข่าย),16 GB,1 Gbps,AIS Super Wifi (ไม่จำกัด), 1.5 บ./นาที , 1.5 บ./นาที ,-,-,-, 2.5 บ./ข้อความ , 4 บ./ข้อความ ,"PLAY Family 6 เดือน, Youtube Premium 3 เดือน",หลังจากใช้งาน Internet ครบตามปริมาณที่กำหนด สามารถเล่นเน็ตได้ต่อเนื่อง ความเร็วสูงสุด 384 Kbps,4G/3G,599,,300,,16,,1000,
AIS,รายเดือน,5G Max Speed,499,บาท/เดือน,200 นาที ,200 นาที ,(ทุกเครือข่าย),10 GB,1 Gbps,AIS Super Wifi (ไม่จำกัด), 1.5 บ./นาที , 1.5 บ./นาที ,-,-,-, 2.5 บ./ข้อความ , 4 บ./ข้อความ ,"PLAY Family 6 เดือน, Youtube Premium 3 เดือน",หลังจากใช้งาน Internet ครบตามปริมาณที่กำหนด สามารถเล่นเน็ตได้ต่อเนื่อง ความเร็วสูงสุด 384 Kbps,4G/3G,499,,200,,10,,1000,
AIS,รายเดือน,5G Max Speed,399,บาท/เดือน,150 นาที ,150 นาที ,(ทุกเครือข่าย),5 GB,1 Gbps,AIS Super Wifi (ไม่จำกัด), 1.5 บ./นาที , 1.5 บ./นาที ,-,-,-, 2.5 บ./ข้อความ , 4 บ./ข้อความ ,"PLAY Family 6 เดือน, Youtube Premium 3 เดือน",หลังจากใช้งาน Internet ครบตามปริมาณที่กำหนด สามารถเล่นเน็ตได้ต่อเนื่อง ความเร็วสูงสุด 384 Kbps,4G/3G,399,,150,,5,,1000,
AIS,รายเดือน,5G Max Speed,299,บาท/เดือน,100 นาที ,100 นาที ,(ทุกเครือข่าย),1.5 GB,1 Gbps,AIS Super Wifi (ไม่จำกัด), 1.5 บ./นาที , 1.5 บ./นาที ,-,-,-, 2.5 บ./ข้อความ , 4 บ./ข้อความ ,"PLAY Family 6 เดือน, Youtube Premium 3 เดือน",หลังจากใช้งาน Internet ครบตามปริมาณที่กำหนด สามารถเล่นเน็ตได้ต่อเนื่อง ความเร็วสูงสุด 128 Kbps,4G/3G,299,,100,,1.5,,1000,
AIS,รายเดือน,NEXT G Flexi Speed,750,บาท/เดือน,100 นาที ,100 นาที ,(ทุกเครือข่าย),50 GB,"300 Mbps, 8 Mbps, 4 Mbps, 2 Mbps (ปรับเปลี่ยนได้)",AIS Super Wifi (ไม่จำกัด), 1.5 บ./นาที , 1.5 บ./นาที ,-,-,-, 2.5 บ./ข้อความ , 4 บ./ข้อความ ,Youtube Premium 4 เดือน,หลังจากใช้งาน Internet ครบตามปริมาณที่กำหนด สามารถเล่นเน็ตได้ต่อเนื่อง ความเร็วสูงสุด 384 Kbps,4G/3G,750,,100,,50,,300,
AIS,รายเดือน,NEXT G Flexi Speed,550,บาท/เดือน,100 นาที ,100 นาที ,(ทุกเครือข่าย),30 GB,"300 Mbps, 8 Mbps, 4 Mbps, 2 Mbps (ปรับเปลี่ยนได้)",AIS Super Wifi (ไม่จำกัด), 1.5 บ./นาที , 1.5 บ./นาที ,-,-,-, 2.5 บ./ข้อความ , 4 บ./ข้อความ ,Youtube Premium 3 เดือน,หลังจากใช้งาน Internet ครบตามปริมาณที่กำหนด สามารถเล่นเน็ตได้ต่อเนื่อง ความเร็วสูงสุด 256 Kbps,4G/3G,550,,100,,30,,300,
AIS,รายเดือน,NEXT G Flexi Speed,450,บาท/เดือน,100 นาที ,100 นาที ,(ทุกเครือข่าย),15 GB,"300 Mbps, 8 Mbps, 4 Mbps, 2 Mbps (ปรับเปลี่ยนได้)",AIS Super Wifi (ไม่จำกัด), 1.5 บ./นาที , 1.5 บ./นาที ,-,-,-, 2.5 บ./ข้อความ , 4 บ./ข้อความ ,Youtube Premium 3 เดือน,หลังจากใช้งาน Internet ครบตามปริมาณที่กำหนด สามารถเล่นเน็ตได้ต่อเนื่อง ความเร็วสูงสุด 256 Kbps,4G/3G,450,,100,,15,,300,
AIS,รายเดือน,Net Extreme,"1,099",บาท/เดือน,-,-,,ไม่จำกัด,300 Mbps,AIS Super Wifi (ไม่จำกัด), 1.5 บ./นาที , 1.5 บ./นาที ,-,-,-, 2.5 บ./ข้อความ , 4 บ./ข้อความ ,"ลูกค้าปัจจุบันเปิดเบอร์ใหม่เพิ่มได้เน็ตฟรี 5 GB 6 เดือน, AIS PLAY 6 เดือน (ไม่คิดค่าเน็ต), PLAY Family 6 เดือน (ไม่คิดค่าเน็ต), Youtube Premium 4 เดือน",หลังจากใช้งาน Internet ครบตามปริมาณที่กำหนด สามารถเล่นเน็ตได้ต่อเนื่อง ความเร็วสูงสุด 128 Kbps,4G/3G,1099,,0,,9999,,300,
AIS,รายเดือน,Net Extreme,999,บาท/เดือน,-,-,,24 GB,300 Mbps,AIS Super Wifi (ไม่จำกัด), 1.5 บ./นาที , 1.5 บ./นาที ,-,-,-, 2.5 บ./ข้อความ , 4 บ./ข้อความ ,"ลูกค้าปัจจุบันเปิดเบอร์ใหม่เพิ่มได้เน็ตฟรี 5 GB 6 เดือน, AIS PLAY 6 เดือน (ไม่คิดค่าเน็ต), PLAY Family 6 เดือน (ไม่คิดค่าเน็ต), Youtube Premium 4 เดือน",หลังจากใช้งาน Internet ครบตามปริมาณที่กำหนด สามารถเล่นเน็ตได้ต่อเนื่อง ความเร็วสูงสุด 128 Kbps,4G/3G,999,,0,,24,,300,
AIS,รายเดือน,Net Extreme,799,บาท/เดือน,-,-,,18 GB,300 Mbps,AIS Super Wifi (ไม่จำกัด), 1.5 บ./นาที , 1.5 บ./นาที ,-,-,-, 2.5 บ./ข้อความ , 4 บ./ข้อความ ,"ลูกค้าปัจจุบันเปิดเบอร์ใหม่เพิ่มได้เน็ตฟรี 5 GB 6 เดือน, AIS PLAY 6 เดือน (ไม่คิดค่าเน็ต), PLAY Family 6 เดือน (ไม่คิดค่าเน็ต), Youtube Premium 4 เดือน",หลังจากใช้งาน Internet ครบตามปริมาณที่กำหนด สามารถเล่นเน็ตได้ต่อเนื่อง ความเร็วสูงสุด 128 Kbps,4G/3G,799,,0,,18,,300,
AIS,รายเดือน,Net Extreme,599,บาท/เดือน,-,-,,12 GB,300 Mbps,AIS Super Wifi (ไม่จำกัด), 1.5 บ./นาที , 1.5 บ./นาที ,-,-,-, 2.5 บ./ข้อความ , 4 บ./ข้อความ ,"ลูกค้าปัจจุบันเปิดเบอร์ใหม่เพิ่มได้เน็ตฟรี 5 GB 6 เดือน, AIS PLAY 6 เดือน (ไม่คิดค่าเน็ต), PLAY Family 6 เดือน (ไม่คิดค่าเน็ต), Youtube Premium 3 เดือน",หลังจากใช้งาน Internet ครบตามปริมาณที่กำหนด สามารถเล่นเน็ตได้ต่อเนื่อง ความเร็วสูงสุด 128 Kbps,4G/3G,599,,0,,12,,300,
AIS,รายเดือน,Net Extreme,499,บาท/เดือน,-,-,,8 GB,300 Mbps,AIS Super Wifi (ไม่จำกัด), 1.5 บ./นาที , 1.5 บ./นาที ,-,-,-, 2.5 บ./ข้อความ , 4 บ./ข้อความ ,"ลูกค้าปัจจุบันเปิดเบอร์ใหม่เพิ่มได้เน็ตฟรี 5 GB 6 เดือน, AIS PLAY 6 เดือน (ไม่คิดค่าเน็ต), PLAY Family 6 เดือน (ไม่คิดค่าเน็ต), Youtube Premium 3 เดือน",หลังจากใช้งาน Internet ครบตามปริมาณที่กำหนด สามารถเล่นเน็ตได้ต่อเนื่อง ความเร็วสูงสุด 128 Kbps,4G/3G,499,,0,,8,,300,
AIS,รายเดือน,Net Extreme,99,บาท/เดือน,-,-,,-,-,AIS Super Wifi (ไม่จำกัด), 1.5 บ./นาที , 1.5 บ./นาที ,-,-,-, 2.5 บ./ข้อความ , 4 บ./ข้อความ ,"ลูกค้าปัจจุบันเปิดเบอร์ใหม่เพิ่มได้เน็ตฟรี 4 GB 6 เดือน, Youtube Premium 3 เดือน","สำหรับลูกค้าเอไอเอส รายเดือนที่มีอายุการใช้งานมากกว่า 90 วัน,หากเบอร์ปัจจุบันมีการยกเลิก หรือโอนเปลี่ยนเจ้าของ แพ็กเกจ 99 บ. จะถูกเปลี่ยนเป็นแพ็กเกจ 4G Max Speed 299 บ. ในรอบบิลถัดไป, หลังจากใช้งาน Internet ครบตามปริมาณที่กำหนด สามารถเล่นเน็ตได้ต่อเนื่อง ความเร็วสูงสุด 128 Kbps",4G/3G,99,,0,,0,,0,
AIS,รายเดือน,iSecond,567,บาท/เดือน,"10,800 วินาที ","10,800 วินาที ",(ทุกเครือข่าย),1.5 GB,Full Speed,AIS Super Wifi (ไม่จำกัด), 3 สต./วินาที , 3 สต./วินาที ,-,-,-, 2.5 บ./ข้อความ , 4 บ./ข้อความ ,YouTube Premium 3 เดือน,"หลังจากใช้งาน Internet ครบตามปริมาณที่กำหนด สามารถเล่นเน็ตได้ต่อเนื่อง ความเร็วสูงสุด 128 Kbps, รับสิทธิ์นาน 12 รอบบิล, อัตราค่าบริการคิดตามการใช้งานจริงเป็นวินาที/รอบบิล",4G/3G,567,,180,,1.5,,9999,
AIS,รายเดือน,iSecond,345,บาท/เดือน,"4,800 วินาที ","4,800 วินาที ",(ทุกเครือข่าย),750 MB,Full Speed,AIS Super Wifi (ไม่จำกัด), 3 สต./วินาที , 3 สต./วินาที ,-,-,-, 2.5 บ./ข้อความ , 4 บ./ข้อความ ,YouTube Premium 3 เดือน,"หลังจากใช้งาน Internet ครบตามปริมาณที่กำหนด สามารถเล่นเน็ตได้ต่อเนื่อง ความเร็วสูงสุด 128 Kbps, รับสิทธิ์นาน 12 รอบบิล, อัตราค่าบริการคิดตามการใช้งานจริงเป็นวินาที/รอบบิล",4G/3G,345,,80,,0.75,,9999,
AIS,รายเดือน,คุยวินาที,730,บาท/เดือน,"54,000 วินาที ","54,000 วินาที ",(ทุกเครือข่าย),-,-,-, 0.16 บ./วินาที , 0.16 บ./วินาที ,0.90 บาท/MB,-,-, 2.5 บ./ข้อความ , 4 บ./ข้อความ ,YouTube Premium 3 เดือน,อัตราค่าบริการคิดตามการใช้งานจริงเป็นวินาที/รอบบิล,4G/3G,730,,900,,0,,0,
AIS,รายเดือน,คุยวินาที,547,บาท/เดือน,"36,000 วินาที ","36,000 วินาที ",(ทุกเครือข่าย),-,-,-, 0.16 บ./วินาที , 0.16 บ./วินาที ,0.90 บาท/MB,-,-, 2.5 บ./ข้อความ , 4 บ./ข้อความ ,YouTube Premium 3 เดือน,อัตราค่าบริการคิดตามการใช้งานจริงเป็นวินาที/รอบบิล,4G/3G,547,,600,,0,,0,
AIS,รายเดือน,คุยวินาที,365,บาท/เดือน,"24,000 วินาที ","24,000 วินาที ",(ทุกเครือข่าย),-,-,-, 0.16 บ./วินาที , 0.16 บ./วินาที ,0.90 บาท/MB,-,-, 2.5 บ./ข้อความ , 4 บ./ข้อความ ,YouTube Premium 3 เดือน,อัตราค่าบริการคิดตามการใช้งานจริงเป็นวินาที/รอบบิล,4G/3G,365,,400,,0,,0,
AIS,รายเดือน,4G Max Speed Non-Stop Plus,"1,899",บาท/เดือน,400 นาที ,400 นาที ,(ทุกเครือข่าย),ไม่จำกัด,300 Mbps,AIS Super Wifi (ไม่จำกัด), 2 สต./วินาที , 2 สต./วินาที ,-,370 ข้อความ,5 ข้อความ, 1.1 บ./ข้อความ  , 3.1 บ./ข้อความ ,YouTube Premium 4 เดือน, ใช้ 3G ได้ 30 GB,4G/3G,1899,,400,,9999,,300,
AIS,รายเดือน,4G Max Speed Non-Stop Plus,"1,499",บาท/เดือน,350 นาที ,350 นาที ,(ทุกเครือข่าย),ไม่จำกัด,300 Mbps,AIS Super Wifi (ไม่จำกัด), 2 สต./วินาที , 2 สต./วินาที ,-,320 ข้อความ,5 ข้อความ, 1.1 บ./ข้อความ  , 3.1 บ./ข้อความ ,YouTube Premium 4 เดือน, ใช้ 3G ได้ 25 GB,4G/3G,1499,,350,,9999,,300,
AIS,รายเดือน,4G Max Speed Non-Stop Plus,"1,299",บาท/เดือน,300 นาที ,300 นาที ,(ทุกเครือข่าย),ไม่จำกัด,300 Mbps,AIS Super Wifi (ไม่จำกัด), 2 สต./วินาที , 2 สต./วินาที ,-,270 ข้อความ,5 ข้อความ, 1.1 บ./ข้อความ  , 3.1 บ./ข้อความ ,YouTube Premium 4 เดือน, ใช้ 3G ได้ 20 GB,4G/3G,1299,,300,,9999,,300,
AIS,รายเดือน,4G Max Speed Non-Stop Plus,"1,099",บาท/เดือน,250 นาที ,250 นาที ,(ทุกเครือข่าย),ไม่จำกัด,300 Mbps,AIS Super Wifi (ไม่จำกัด), 2 สต./วินาที , 2 สต./วินาที ,-,220 ข้อความ,5 ข้อความ, 1.1 บ./ข้อความ  , 3.1 บ./ข้อความ ,YouTube Premium 4 เดือน, ใช้ 3G ได้ 16 GB,4G/3G,1099,,250,,9999,,300,
AIS,รายเดือน,4G Max Speed Non-Stop Plus,999,บาท/เดือน,200 นาที ,200 นาที ,(ทุกเครือข่าย),8 GB,300 Mbps,AIS Super Wifi (ไม่จำกัด), 2 สต./วินาที , 2 สต./วินาที ,-,170 ข้อความ,5 ข้อความ, 1.1 บ./ข้อความ  , 3.1 บ./ข้อความ ,YouTube Premium 4 เดือน,"ใช้ 4G/3G ได้ 12 GB, หลังจากใช้งาน Internet ครบตามปริมาณที่กำหนด สามารถเล่นเน็ตได้ต่อเนื่อง ความเร็วสูงสุด 384 Kbps",4G/3G,999,,200,,8,,300,
AIS,รายเดือน,4G Max Speed Non-Stop Plus,799,บาท/เดือน,150 นาที ,150 นาที ,(ทุกเครือข่าย),5 GB,300 Mbps,AIS Super Wifi (ไม่จำกัด), 2 สต./วินาที , 2 สต./วินาที ,-,120 ข้อความ,5 ข้อความ, 1.1 บ./ข้อความ  , 3.1 บ./ข้อความ ,YouTube Premium 4 เดือน,"ใช้ 4G/3G ได้ 10 GB, หลังจากใช้งาน Internet ครบตามปริมาณที่กำหนด สามารถเล่นเน็ตได้ต่อเนื่อง ความเร็วสูงสุด 384 Kbps",4G/3G,799,,150,,5,,300,
AIS,รายเดือน,4G Max Speed Non-Stop Plus,599,บาท/เดือน,100 นาที ,100 นาที ,(ทุกเครือข่าย),4 GB,300 Mbps,AIS Super Wifi (ไม่จำกัด), 2 สต./วินาที , 2 สต./วินาที ,-,70 ข้อความ,5 ข้อความ, 1.1 บ./ข้อความ  , 3.1 บ./ข้อความ ,YouTube Premium 3 เดือน,"ใช้ 4G/3G ได้ 6 GB, หลังจากใช้งาน Internet ครบตามปริมาณที่กำหนด สามารถเล่นเน็ตได้ต่อเนื่อง ความเร็วสูงสุด 128 Kbps",4G/3G,599,,100,,4,,300,
AIS,รายเดือน,4G Max Speed Non-Stop Plus,499,บาท/เดือน,80 นาที ,80 นาที ,(ทุกเครือข่าย),3 GB,300 Mbps,AIS Super Wifi (ไม่จำกัด), 2 สต./วินาที , 2 สต./วินาที ,-,50 ข้อความ,5 ข้อความ, 1.1 บ./ข้อความ  , 3.1 บ./ข้อความ ,YouTube Premium 3 เดือน,"ใช้ 4G/3G ได้ 6 GB, หลังจากใช้งาน Internet ครบตามปริมาณที่กำหนด สามารถเล่นเน็ตได้ต่อเนื่อง ความเร็วสูงสุด 128 Kbps",4G/3G,499,,80,,3,,300,
AIS,รายเดือน,4G Max Speed Non-Stop Plus,399,บาท/เดือน,70 นาที ,70 นาที ,(ทุกเครือข่าย),-,300 Mbps,AIS Super Wifi (ไม่จำกัด), 2 สต./วินาที , 2 สต./วินาที ,-,40 ข้อความ,5 ข้อความ, 1.1 บ./ข้อความ  , 3.1 บ./ข้อความ ,YouTube Premium 3 เดือน,"ใช้ 4G/3G ได้ 3 GB, หลังจากใช้งาน Internet ครบตามปริมาณที่กำหนด สามารถเล่นเน็ตได้ต่อเนื่อง ความเร็วสูงสุด 128 Kbps",4G/3G,399,,70,,3,,300,
AIS,รายเดือน,4G Max Speed Non-Stop Plus,299,บาท/เดือน,50 นาที ,50 นาที ,(ทุกเครือข่าย),-,300 Mbps,AIS Super Wifi (ไม่จำกัด), 2 สต./วินาที , 2 สต./วินาที ,-,20 ข้อความ,5 ข้อความ, 1.1 บ./ข้อความ  , 3.1 บ./ข้อความ ,YouTube Premium 3 เดือน,"ใช้ 4G/3G ได้ 1 GB, หลังจากใช้งาน Internet ครบตามปริมาณที่กำหนด สามารถเล่นเน็ตได้ต่อเนื่อง ความเร็วสูงสุด 128 Kbps",4G/3G,299,,50,,1,,300,
AIS,รายเดือน,4G Max Speed,899,บาท/เดือน,400 นาที ,400 นาที ,(ทุกเครือข่าย),30 GB,300 Mbps,AIS Super Wifi (ไม่จำกัด), 1.50 บ./นาที , 1.50 บ./นาที ,-,-,-, 2.5 บ./ข้อความ , 4 บ./ข้อความ ,"YouTube Premium 6 เดือน,รับสิทธิ์ฟรีเน็ตสำหรับ PLAY FAMILY ฟรี 6 เดือน, AIS PLAY 12 เดือน, Microsoft Office 365 และ Zoom Video Conferencing 3 เดือน,ได้รับสิทธิ์เซเรเนด Emerald นานสูงสุด 12 เดือน,ประกันภัยไวรัสโคโรนา (COVID-19) จากทิพยประกันภัย คุ้มครอง 45 วัน",หลังจากใช้งาน Internet ครบตามปริมาณที่กำหนด สามารถเล่นเน็ตได้ต่อเนื่อง ความเร็วสูงสุด 384 Kbps,4G/3G,899,,400,,30,,300,
AIS,รายเดือน,4G Max Speed,699,บาท/เดือน,300 นาที ,300 นาที ,(ทุกเครือข่าย),20 GB,300 Mbps,AIS Super Wifi (ไม่จำกัด), 1.50 บ./นาที , 1.50 บ./นาที ,-,-,-, 2.5 บ./ข้อความ , 4 บ./ข้อความ ,"YouTube Premium 6 เดือน,รับสิทธิ์ฟรีเน็ตสำหรับ PLAY FAMILY ฟรี 6 เดือน, AIS PLAY 12 เดือน, Microsoft Office 365 และ Zoom Video Conferencing 3 เดือน,ได้รับสิทธิ์เซเรเนด Emerald นานสูงสุด 12 เดือน,ประกันภัยไวรัสโคโรนา (COVID-19) จากทิพยประกันภัย คุ้มครอง 45 วัน",หลังจากใช้งาน Internet ครบตามปริมาณที่กำหนด สามารถเล่นเน็ตได้ต่อเนื่อง ความเร็วสูงสุด 384 Kbps,4G/3G,699,,300,,20,,300,
AIS,รายเดือน,4G Max Speed,599,บาท/เดือน,300 นาที ,300 นาที ,(ทุกเครือข่าย),16 GB,300 Mbps,AIS Super Wifi (ไม่จำกัด), 1.50 บ./นาที , 1.50 บ./นาที ,-,-,-, 2.5 บ./ข้อความ , 4 บ./ข้อความ ,"YouTube Premium 3 เดือน,รับสิทธิ์ฟรีเน็ตสำหรับ PLAY FAMILY ฟรี 6 เดือน, Microsoft Office 365 และ Zoom Video Conferencing 3 เดือน,ได้รับสิทธิ์เซเรเนด Emerald นานสูงสุด 12 เดือน,ประกันภัยไวรัสโคโรนา (COVID-19) จากทิพยประกันภัย คุ้มครอง 45 วัน",หลังจากใช้งาน Internet ครบตามปริมาณที่กำหนด สามารถเล่นเน็ตได้ต่อเนื่อง ความเร็วสูงสุด 384 Kbps,4G/3G,599,,300,,16,,300,
AIS,รายเดือน,4G Max Speed,499,บาท/เดือน,200 นาที ,200 นาที ,(ทุกเครือข่าย),10 GB,300 Mbps,AIS Super Wifi (ไม่จำกัด), 1.50 บ./นาที , 1.50 บ./นาที ,-,-,-, 2.5 บ./ข้อความ , 4 บ./ข้อความ ,"YouTube Premium 3 เดือน,รับสิทธิ์ฟรีเน็ตสำหรับ PLAY FAMILY ฟรี 6 เดือน, Microsoft Office 365 และ Zoom Video Conferencing 3 เดือน,ได้รับสิทธิ์เซเรเนด Emerald นานสูงสุด 12 เดือน,ประกันภัยไวรัสโคโรนา (COVID-19) จากทิพยประกันภัย คุ้มครอง 45 วัน",หลังจากใช้งาน Internet ครบตามปริมาณที่กำหนด สามารถเล่นเน็ตได้ต่อเนื่อง ความเร็วสูงสุด 384 Kbps,4G/3G,499,,200,,10,,300,
AIS,รายเดือน,Fixxy,599,บาท/เดือน,ไม่จำกัด,300 นาที ,,20 GB,Full Speed,AIS Super Wifi (ไม่จำกัด), - , 1.50 บ./นาที ,-,-,-, 2.5 บ./ข้อความ , 4 บ./ข้อความ ,"Youtube Premium 3 เดือน, PLAY Family 6 เดือน",หลังจากใช้งาน Internet ครบตามปริมาณที่กำหนด สามารถเล่นเน็ตได้ต่อเนื่อง ความเร็วสูงสุด 15 Mbps,5G,599,,300,,20,,9999,
AIS,รายเดือน,Fixxy,499,บาท/เดือน,ไม่จำกัด,250 นาที ,,ไม่จำกัด,15 Mbps,AIS Super Wifi (ไม่จำกัด), - , 1.50 บ./นาที ,-,-,-, 2.5 บ./ข้อความ , 4 บ./ข้อความ ,"Youtube Premium 3 เดือน, PLAY Family 6 เดือน",โทรฟรีในเครือข่ายครั้งละ 30 นาที,4G/3G,499,,250,,9999,,15,
AIS,รายเดือน,Fixxy,449,บาท/เดือน,ไม่จำกัด,200 นาที ,,ไม่จำกัด,15 Mbps,AIS Super Wifi (ไม่จำกัด), - , 1.50 บ./นาที ,-,-,-, 2.5 บ./ข้อความ , 4 บ./ข้อความ ,"Youtube Premium 3 เดือน, PLAY Family 6 เดือน",โทรฟรีในเครือข่ายครั้งละ 30 นาที,4G/3G,449,,200,,9999,,15,
AIS,รายเดือน,Fixxy,399,บาท/เดือน,ไม่จำกัด,150 นาที ,,ไม่จำกัด,10 Mbps,AIS Super Wifi (ไม่จำกัด), - , 1.50 บ./นาที ,-,-,-, 2.5 บ./ข้อความ , 4 บ./ข้อความ ,"Youtube Premium 3 เดือน, PLAY Family 6 เดือน",โทรฟรีในเครือข่ายครั้งละ 30 นาที,4G/3G,399,,150,,9999,,10,
AIS,รายเดือน,Fixxy,349,บาท/เดือน,ไม่จำกัด,50 นาที ,,ไม่จำกัด,10 Mbps,AIS Super Wifi (ไม่จำกัด), - , 1.50 บ./นาที ,-,-,-, 2.5 บ./ข้อความ , 4 บ./ข้อความ ,"Youtube Premium 3 เดือน, PLAY Family 6 เดือน",โทรฟรีในเครือข่ายครั้งละ 30 นาที,4G/3G,349,,50,,9999,,10,
AIS,รายเดือน,iEntertain Non-Stop Plus,899,บาท/เดือน,150 นาที ,150 นาที ,(ทุกเครือข่าย),12 GB,Full Speed,AIS Super Wifi (ไม่จำกัด), 2 สต./วินาที , 2 สต./วินาที ,-,120 ข้อความ,5 ข้อความ, 1.1 บ./ข้อความ  , 3.1 บ./ข้อความ ,YouTube Premium 4 เดือน,"หลังจากใช้งาน Internet ครบตามปริมาณที่กำหนด สามารถเล่นเน็ตได้ต่อเนื่อง ความเร็วสูงสุด 384 Kbps, อัตราค่าบริการคิดตามการใช้งานจริงเป็นวินาที/รอบบิล",4G/3G,899,,150,,12,,9999,
AIS,รายเดือน,iEntertain Non-Stop Plus,699,บาท/เดือน,120 นาที ,120 นาที ,(ทุกเครือข่าย),8 GB,Full Speed,AIS Super Wifi (ไม่จำกัด), 2 สต./วินาที , 2 สต./วินาที ,-,90 ข้อความ,5 ข้อความ, 1.1 บ./ข้อความ  , 3.1 บ./ข้อความ ,YouTube Premium 4 เดือน,"หลังจากใช้งาน Internet ครบตามปริมาณที่กำหนด สามารถเล่นเน็ตได้ต่อเนื่อง ความเร็วสูงสุด 128 Kbps, อัตราค่าบริการคิดตามการใช้งานจริงเป็นวินาที/รอบบิล",4G/3G,699,,120,,8,,9999,
AIS,รายเดือน,iEntertain Non-Stop Plus,599,บาท/เดือน,100 นาที ,100 นาที ,(ทุกเครือข่าย),6 GB,Full Speed,AIS Super Wifi (ไม่จำกัด), 2 สต./วินาที , 2 สต./วินาที ,-,70 ข้อความ,5 ข้อความ, 1.1 บ./ข้อความ  , 3.1 บ./ข้อความ ,YouTube Premium 3 เดือน,"หลังจากใช้งาน Internet ครบตามปริมาณที่กำหนด สามารถเล่นเน็ตได้ต่อเนื่อง ความเร็วสูงสุด 128 Kbps, อัตราค่าบริการคิดตามการใช้งานจริงเป็นวินาที/รอบบิล",4G/3G,599,,100,,6,,9999,
AIS,รายเดือน,iEntertain Non-Stop Plus,499,บาท/เดือน,80 นาที ,80 นาที ,(ทุกเครือข่าย),4 GB,Full Speed,AIS Super Wifi (ไม่จำกัด), 2 สต./วินาที , 2 สต./วินาที ,-,50 ข้อความ,5 ข้อความ, 1.1 บ./ข้อความ  , 3.1 บ./ข้อความ ,YouTube Premium 3 เดือน,"หลังจากใช้งาน Internet ครบตามปริมาณที่กำหนด สามารถเล่นเน็ตได้ต่อเนื่อง ความเร็วสูงสุด 128 Kbps, อัตราค่าบริการคิดตามการใช้งานจริงเป็นวินาที/รอบบิล",4G/3G,499,,80,,4,,9999,
AIS,รายเดือน,iEntertain Non-Stop Plus,399,บาท/เดือน,70 นาที ,70 นาที ,(ทุกเครือข่าย),3 GB,Full Speed,AIS Super Wifi (ไม่จำกัด), 2 สต./วินาที , 2 สต./วินาที ,-,40 ข้อความ,5 ข้อความ, 1.1 บ./ข้อความ  , 3.1 บ./ข้อความ ,YouTube Premium 3 เดือน,"หลังจากใช้งาน Internet ครบตามปริมาณที่กำหนด สามารถเล่นเน็ตได้ต่อเนื่อง ความเร็วสูงสุด 128 Kbps, อัตราค่าบริการคิดตามการใช้งานจริงเป็นวินาที/รอบบิล",4G/3G,399,,70,,3,,9999,
AIS,รายเดือน,iEntertain Non-Stop Plus,299,บาท/เดือน,50 นาที ,50 นาที ,(ทุกเครือข่าย),750 MB,Full Speed,AIS Super Wifi (ไม่จำกัด), 2 สต./วินาที , 2 สต./วินาที ,-,20 ข้อความ,5 ข้อความ, 1.1 บ./ข้อความ  , 3.1 บ./ข้อความ ,YouTube Premium 3 เดือน,"หลังจากใช้งาน Internet ครบตามปริมาณที่กำหนด สามารถเล่นเน็ตได้ต่อเนื่อง ความเร็วสูงสุด 128 Kbps, อัตราค่าบริการคิดตามการใช้งานจริงเป็นวินาที/รอบบิล",4G/3G,299,,50,,0.75,,9999,
AIS,รายเดือน,ธงฟ้า,240,บาท/เดือน,-,-,,3 GB,Full Speed,-, 0.011 บ./วินาที , 0.011 บ./วินาที ,0.18 บ./MB,-,-, 1 บ./ข้อความ , 2.4 บ./ข้อความ ,YouTube Premium 3 เดือน,อัตราค่าบริการคิดตามการใช้งานจริงเป็นวินาที/รอบบิล,4G/3G,240,,0,,3,,9999,
AIS,รายเดือน,เริ่มต้น,"1,500",บาท/เดือน,"2,220 นาที ","2,220 นาที ",(ทุกเครือข่าย),-,-,-, 1.50 บ./นาที , 1.50 บ./นาที ,1.50 บ./MB,-,-, 3 บ./ข้อความ , 6 บ./ข้อความ ,"Segment Gold 12 เดือน, YouTube Premium 4 เดือน, ใช้งานฟรี Facebook/ Line/ WhatsApp ไม่จำกัด 12 รอบบิล",สิทธิ์ใช้งานฟรี Facebook/ Line/ WhatsApp สำหรับผู้เปิดใช้บริการเลขหมายใหม่ ย้ายค่ายเบอร์เดิมและเปลี่ยนจากระบบเติมเงิน,4G/3G,1500,,2220,,0,,0,
AIS,รายเดือน,เริ่มต้น,"1,200",บาท/เดือน,"1,720 นาที ","1,720 นาที ",(ทุกเครือข่าย),-,-,-, 1.50 บ./นาที , 1.50 บ./นาที ,1.50 บ./MB,-,-, 3 บ./ข้อความ , 6 บ./ข้อความ ," YouTube Premium 4 เดือน, ใช้งานฟรี Facebook/ Line/ WhatsApp ไม่จำกัด เป็นระยะเวลา 12 รอบบิล",สิทธิ์ใช้งานฟรี Facebook/ Line/ WhatsApp สำหรับผู้เปิดใช้บริการเลขหมายใหม่ ย้ายค่ายเบอร์เดิมและเปลี่ยนจากระบบเติมเงิน,4G/3G,1200,,1720,,0,,0,
AIS,รายเดือน,เริ่มต้น,"1,000",บาท/เดือน,"1,380 นาที ","1,380 นาที ",(ทุกเครือข่าย),-,-,-, 1.50 บ./นาที , 1.50 บ./นาที ,1.50 บ./MB,-,-, 3 บ./ข้อความ , 6 บ./ข้อความ ," YouTube Premium 4 เดือน, ใช้งานฟรี Facebook/ Line/ WhatsApp ไม่จำกัด เป็นระยะเวลา 12 รอบบิล",สิทธิ์ใช้งานฟรี Facebook/ Line/ WhatsApp สำหรับผู้เปิดใช้บริการเลขหมายใหม่ ย้ายค่ายเบอร์เดิมและเปลี่ยนจากระบบเติมเงิน,4G/3G,1000,,1380,,0,,0,
AIS,รายเดือน,เริ่มต้น,850,บาท/เดือน,"1,150 นาที ","1,150 นาที ",(ทุกเครือข่าย),-,-,-, 1.50 บ./นาที , 1.50 บ./นาที ,1.50 บ./MB,-,-, 3 บ./ข้อความ , 6 บ./ข้อความ ," YouTube Premium 4 เดือน, ใช้งานฟรี Facebook/ Line/ WhatsApp ไม่จำกัด เป็นระยะเวลา 12 รอบบิล",สิทธิ์ใช้งานฟรี Facebook/ Line/ WhatsApp สำหรับผู้เปิดใช้บริการเลขหมายใหม่ ย้ายค่ายเบอร์เดิมและเปลี่ยนจากระบบเติมเงิน,4G/3G,850,,1150,,0,,0,
AIS,รายเดือน,เริ่มต้น,650,บาท/เดือน,850 นาที ,850 นาที ,(ทุกเครือข่าย),-,-,-, 1.50 บ./นาที , 1.50 บ./นาที ,1.50 บ./MB,-,-, 3 บ./ข้อความ , 6 บ./ข้อความ ," YouTube Premium 3 เดือน, ใช้งานฟรี Facebook/ Line/ WhatsApp ไม่จำกัด เป็นระยะเวลา 12 รอบบิล",สิทธิ์ใช้งานฟรี Facebook/ Line/ WhatsApp สำหรับผู้เปิดใช้บริการเลขหมายใหม่ ย้ายค่ายเบอร์เดิมและเปลี่ยนจากระบบเติมเงิน,4G/3G,650,,850,,0,,0,
AIS,รายเดือน,เริ่มต้น,450,บาท/เดือน,580 นาที ,580 นาที ,(ทุกเครือข่าย),-,-,-, 1.50 บ./นาที , 1.50 บ./นาที ,1.50 บ./MB,-,-, 3 บ./ข้อความ , 6 บ./ข้อความ ," YouTube Premium 3 เดือน, ใช้งานฟรี Facebook/ Line/ WhatsApp ไม่จำกัด เป็นระยะเวลา 12 รอบบิล",สิทธิ์ใช้งานฟรี Facebook/ Line/ WhatsApp สำหรับผู้เปิดใช้บริการเลขหมายใหม่ ย้ายค่ายเบอร์เดิมและเปลี่ยนจากระบบเติมเงิน,4G/3G,450,,580,,0,,0,
AIS,รายเดือน,คุยสะใจ,295,บาท/เดือน,360 นาที ,360 นาที ,(ทุกเครือข่าย),-,-,-, 40 สต./นาที (3 นาทีแรก 2.10 บ.) , 40 สต./นาที (3 นาทีแรก 2.10 บ.) ,1.70 บ./MB,-,-, 2.5 บ./ข้อความ , 5 บ./ข้อความ , YouTube Premium 3 เดือน,-,4G/3G,295,,360,,0,,0,
AIS,รายเดือน,NET SIM,"1,099",บาท/เดือน,-,-,,14 GB,Full Speed,AIS Super Wifi (ไม่จำกัด), 1.5 บ./นาที , 1.5 บ./นาที ,0.20 บ./MB,-,-, 3.21 บ./ข้อความ , 6.42 บ./ข้อความ ,เปิดเบอร์ใหม่รับเน็ต 4G/3G เพิ่ม 6 GB (12เดือน),หลังจากใช้งาน Internet ครบตามปริมาณที่กำหนด สามารถเล่นเน็ตได้ต่อเนื่อง ความเร็วสูงสุด 384 Kbps,4G/3G,1099,,0,,14,,9999,
AIS,รายเดือน,NET SIM,899,บาท/เดือน,-,-,,8 GB,Full Speed,AIS Super Wifi (ไม่จำกัด), 1.5 บ./นาที , 1.5 บ./นาที ,0.20 บ./MB,-,-, 3.21 บ./ข้อความ , 6.42 บ./ข้อความ ,เปิดเบอร์ใหม่รับเน็ต 4G/3G เพิ่ม 8 GB (12เดือน),หลังจากใช้งาน Internet ครบตามปริมาณที่กำหนด สามารถเล่นเน็ตได้ต่อเนื่อง ความเร็วสูงสุด 384 Kbps,4G/3G,899,,0,,8,,9999,
AIS,รายเดือน,NET SIM,699,บาท/เดือน,-,-,,5 GB,Full Speed,AIS Super Wifi (ไม่จำกัด), 1.5 บ./นาที , 1.5 บ./นาที ,0.20 บ./MB,-,-, 3.21 บ./ข้อความ , 6.42 บ./ข้อความ ,เปิดเบอร์ใหม่รับเน็ต 4G/3G เพิ่ม 5 GB (12เดือน),หลังจากใช้งาน Internet ครบตามปริมาณที่กำหนด สามารถเล่นเน็ตได้ต่อเนื่อง ความเร็วสูงสุด 128 Kbps,4G/3G,699,,0,,5,,9999,
AIS,รายเดือน,NET SIM,499,บาท/เดือน,-,-,,3 GB,Full Speed,AIS Super Wifi (ไม่จำกัด), 1.5 บ./นาที , 1.5 บ./นาที ,0.20 บ./MB,-,-, 3.21 บ./ข้อความ , 6.42 บ./ข้อความ ,เปิดเบอร์ใหม่รับเน็ต 4G/3G เพิ่ม 3 GB (12เดือน),หลังจากใช้งาน Internet ครบตามปริมาณที่กำหนด สามารถเล่นเน็ตได้ต่อเนื่อง ความเร็วสูงสุด 128 Kbps,4G/3G,499,,0,,3,,9999,
AIS,รายเดือน,NET SIM,399,บาท/เดือน,-,-,,2 GB,Full Speed,AIS Super Wifi (ไม่จำกัด), 1.5 บ./นาที , 1.5 บ./นาที ,0.20 บ./MB,-,-, 3.21 บ./ข้อความ , 6.42 บ./ข้อความ ,เปิดเบอร์ใหม่รับเน็ต 4G/3G เพิ่ม 2 GB (6เดือน),หลังจากใช้งาน Internet ครบตามปริมาณที่กำหนด สามารถเล่นเน็ตได้ต่อเนื่อง ความเร็วสูงสุด 128 Kbps,4G/3G,399,,0,,2,,9999,
AIS,รายเดือน,NET SIM,299,บาท/เดือน,-,-,,1 GB,Full Speed,AIS Super Wifi (ไม่จำกัด), 1.5 บ./นาที , 1.5 บ./นาที ,0.20 บ./MB,-,-, 3.21 บ./ข้อความ , 6.42 บ./ข้อความ ,เปิดเบอร์ใหม่รับเน็ต 4G/3G เพิ่ม 500 MB (6เดือน),หลังจากใช้งาน Internet ครบตามปริมาณที่กำหนด สามารถเล่นเน็ตได้ต่อเนื่อง ความเร็วสูงสุด 128 Kbps,4G/3G,299,,0,,1,,9999,
AIS,รายเดือน,NET SIM,199,บาท/เดือน,-,-,,-,-,AIS Super Wifi (ไม่จำกัด), 1.5 บ./นาที , 1.5 บ./นาที ,0.20 บ./MB,-,-, 3.21 บ./ข้อความ , 6.42 บ./ข้อความ ,เปิดเบอร์ใหม่รับเน็ต 4G/3G เพิ่ม 500 MB,หลังจากใช้งาน Internet ครบตามปริมาณที่กำหนด สามารถเล่นเน็ตได้ต่อเนื่อง ความเร็วสูงสุด 128 Kbps,4G/3G,199,,0,,0,,0,
AIS,รายเดือน,iSmart,999,บาท/เดือน,500 นาที ,500 นาที ,(ทุกเครือข่าย),3 GB,Full Speed,AIS Super Wifi (ไม่จำกัด), 1.61 บ./นาที , 1.61 บ./นาที ,-,-,-, 3.21 บ./ข้อความ , 4.28 บ./ข้อความ ,-, หลังจากใช้งาน internet ครบตามปริมาณที่กำหนด สามารถเล่นเน็ตได้ต่อเนื่องความเร็วสูงสุด 256 kbps.,4G/3G,999,,500,,3,,9999,
AIS,รายเดือน,iSmart,799,บาท/เดือน,400 นาที ,400 นาที ,(ทุกเครือข่าย),2 GB,Full Speed,AIS Super Wifi (ไม่จำกัด), 1.61 บ./นาที , 1.61 บ./นาที ,-,-,-, 3.21 บ./ข้อความ , 4.28 บ./ข้อความ ,-, หลังจากใช้งาน internet ครบตามปริมาณที่กำหนด สามารถเล่นเน็ตได้ต่อเนื่องความเร็วสูงสุด 128 kbps.,4G/3G,799,,400,,2,,9999,
AIS,รายเดือน,iSmart,599,บาท/เดือน,300 นาที ,300 นาที ,(ทุกเครือข่าย),1.5 GB,Full Speed,AIS Super Wifi (ไม่จำกัด), 1.61 บ./นาที , 1.61 บ./นาที ,-,-,-, 3.21 บ./ข้อความ , 4.28 บ./ข้อความ ,-, หลังจากใช้งาน internet ครบตามปริมาณที่กำหนด สามารถเล่นเน็ตได้ต่อเนื่องความเร็วสูงสุด 64 kbps.,4G/3G,599,,300,,1.5,,9999,
AIS,รายเดือน,iSmart,399,บาท/เดือน,150 นาที ,150 นาที ,(ทุกเครือข่าย),750 MB,Full Speed,AIS Super Wifi (ไม่จำกัด), 1.61 บ./นาที , 1.61 บ./นาที ,-,-,-, 3.21 บ./ข้อความ , 4.28 บ./ข้อความ ,-, หลังจากใช้งาน internet ครบตามปริมาณที่กำหนด สามารถเล่นเน็ตได้ต่อเนื่องความเร็วสูงสุด 64 kbps.,4G/3G,399,,150,,0.75,,9999,
AIS,รายเดือน,iSmart,299,บาท/เดือน,100 นาที ,100 นาที ,(ทุกเครือข่าย),500 MB,Full Speed,AIS Super Wifi (ไม่จำกัด), 1.61 บ./นาที , 1.61 บ./นาที ,-,-,-, 3.21 บ./ข้อความ , 4.28 บ./ข้อความ ,-, หลังจากใช้งาน internet ครบตามปริมาณที่กำหนด สามารถเล่นเน็ตได้ต่อเนื่องความเร็วสูงสุด 64 kbps.,4G/3G,299,,100,,0.5,,9999,
AIS,รายเดือน,SMS Lover,"1,499",บาท/เดือน,100 นาที ,100 นาที ,(ทุกเครือข่าย),-,-,-, 0.03 บ./วินาที , 0.03 บ./วินาที ,0.90 บ./MB,"2,000 ข้อความ",5 ข้อความ,2.5 บ./ข้อความ, 4 บ./ข้อความ ,-,-,4G/3G,1499,,100,,0,,0,
AIS,รายเดือน,SMS Lover,"1,299",บาท/เดือน,100 นาที ,100 นาที ,(ทุกเครือข่าย),-,-,-, 0.03 บ./วินาที , 0.03 บ./วินาที ,0.90 บ./MB,"1,500 ข้อความ",5 ข้อความ,2.5 บ./ข้อความ, 4 บ./ข้อความ ,-,-,4G/3G,1299,,100,,0,,0,
AIS,รายเดือน,SMS Lover,999,บาท/เดือน,100 นาที ,100 นาที ,(ทุกเครือข่าย),-,-,-, 0.03 บ./วินาที , 0.03 บ./วินาที ,0.90 บ./MB,"1,000 ข้อความ",5 ข้อความ,2.5 บ./ข้อความ, 4 บ./ข้อความ ,-,-,4G/3G,999,,100,,0,,0,
AIS,รายเดือน,4G Share Non-Stop,"2,499",บาท/เดือน,"2,500 นาที ","2,500 นาที ",(ทุกเครือข่าย),100 GB,Full Speed,AIS Super Wifi (ไม่จำกัด), 1.50 บ./นาที , 1.50 บ./นาที ,-,-,-,-,-,"โทรฟรีในกลุ่มสูงสุดครั้งละ 1 ชม.,เน็ตฟรีสำหรับ AIS PLAY 12 เดือน, Youtube Premium 4 เดือน","ใช้ได้สูงสุด 5 อุปกรณ์, หลังจากการใช้งาน 4G/3G ครบตามปริมาณที่กำหนด หมายเลขหลักและหมายเลขสมาชิก สามารถเล่นเน็ตได้ต่อเนื่อง ความเร็วสูงสุด 384 Kbps",4G/3G,2499,,2500,,100,,9999,
AIS,รายเดือน,4G Share Non-Stop,"1,899",บาท/เดือน,1500 นาที ,"1,500 นาที ",(ทุกเครือข่าย),70 GB,Full Speed,AIS Super Wifi (ไม่จำกัด), 1.50 บ./นาที , 1.50 บ./นาที ,-,-,-,-,-,"โทรฟรีในกลุ่มสูงสุดครั้งละ 1 ชม.,เน็ตฟรีสำหรับ AIS PLAY 12 เดือน, Youtube Premium 4 เดือน","ใช้ได้สูงสุด 5 อุปกรณ์, หลังจากการใช้งาน 4G/3G ครบตามปริมาณที่กำหนด หมายเลขหลักและหมายเลขสมาชิก สามารถเล่นเน็ตได้ต่อเนื่อง ความเร็วสูงสุด 384 Kbps",4G/3G,1899,,1500,,70,,9999,
AIS,รายเดือน,4G Share Non-Stop,"1,499",บาท/เดือน,"1,000 นาที ","1,000 นาที ",(ทุกเครือข่าย),50 GB,Full Speed,AIS Super Wifi (ไม่จำกัด), 1.50 บ./นาที , 1.50 บ./นาที ,-,-,-,-,-,"โทรฟรีในกลุ่มสูงสุดครั้งละ 1 ชม.,เน็ตฟรีสำหรับ AIS PLAY 12 เดือน, Youtube Premium 4 เดือน","ใช้ได้สูงสุด 5 อุปกรณ์, หลังจากการใช้งาน 4G/3G ครบตามปริมาณที่กำหนด หมายเลขหลักและหมายเลขสมาชิก สามารถเล่นเน็ตได้ต่อเนื่อง ความเร็วสูงสุด 384 Kbps",4G/3G,1499,,1000,,50,,9999,
AIS,รายเดือน,4G Share Non-Stop,"1,299",บาท/เดือน,800 นาที ,800 นาที ,(ทุกเครือข่าย),40 GB,Full Speed,AIS Super Wifi (ไม่จำกัด), 1.50 บ./นาที , 1.50 บ./นาที ,-,-,-,-,-,"โทรฟรีในกลุ่มสูงสุดครั้งละ 1 ชม.,เน็ตฟรีสำหรับ AIS PLAY 12 เดือน, Youtube Premium 4 เดือน","ใช้ได้สูงสุด 5 อุปกรณ์, หลังจากการใช้งาน 4G/3G ครบตามปริมาณที่กำหนด หมายเลขหลักและหมายเลขสมาชิก สามารถเล่นเน็ตได้ต่อเนื่อง ความเร็วสูงสุด 384 Kbps",4G/3G,1299,,800,,40,,9999,
AIS,รายเดือน,4G Share Non-Stop,"1,099",บาท/เดือน,600 นาที ,600 นาที ,(ทุกเครือข่าย),30 GB,Full Speed,AIS Super Wifi (ไม่จำกัด), 1.50 บ./นาที , 1.50 บ./นาที ,-,-,-,-,-,"โทรฟรีในกลุ่มสูงสุดครั้งละ 1 ชม.,เน็ตฟรีสำหรับ AIS PLAY 12 เดือน, Youtube Premium 4 เดือน","ใช้ได้สูงสุด 5 อุปกรณ์, หลังจากการใช้งาน 4G/3G ครบตามปริมาณที่กำหนด หมายเลขหลักและหมายเลขสมาชิก สามารถเล่นเน็ตได้ต่อเนื่อง ความเร็วสูงสุด 384 Kbps",4G/3G,1099,,600,,30,,9999,
AIS,รายเดือน,4G Share Non-Stop,899,บาท/เดือน,400 นาที ,400 นาที ,(ทุกเครือข่าย),20 GB,Full Speed,AIS Super Wifi (ไม่จำกัด), 1.50 บ./นาที , 1.50 บ./นาที ,-,-,-,-,-,"โทรฟรีในกลุ่มสูงสุดครั้งละ 1 ชม.,เน็ตฟรีสำหรับ AIS PLAY 12 เดือน, Youtube Premium 4 เดือน","ใช้ได้สูงสุด 5 อุปกรณ์, หลังจากการใช้งาน 4G/3G ครบตามปริมาณที่กำหนด หมายเลขหลักและหมายเลขสมาชิก สามารถเล่นเน็ตได้ต่อเนื่อง ความเร็วสูงสุด 384 Kbps",4G/3G,899,,400,,20,,9999,
AIS,รายเดือน,Online MAXX,399,บาท/เดือน,300 นาที ,300 นาที ,(ทุกเครือข่าย),20 GB,Full Speed,AIS Super Wifi (ไม่จำกัด), 1.50 บ./นาที , 1.50 บ./นาที ,-,-,-,2.5 บ./ข้อความ, 4 บ./ข้อความ ,-,-,4G/3G,399,,300,,20,,9999,
AIS,รายเดือน,Online MAXX,549,บาท/เดือน,700 นาที ,700 นาที ,(ทุกเครือข่าย),40 GB,Full Speed,AIS Super Wifi (ไม่จำกัด), 1.50 บ./นาที , 1.50 บ./นาที ,-,-,-,2.5 บ./ข้อความ, 4 บ./ข้อความ ,-,-,4G/3G,549,,700,,40,,9999,
AIS,รายเดือน,Online MAXX,749,บาท/เดือน,"1,200 นาที ","1,200 นาที ",(ทุกเครือข่าย),60 GB,Full Speed,AIS Super Wifi (ไม่จำกัด), 1.50 บ./นาที , 1.50 บ./นาที ,-,-,-,2.5 บ./ข้อความ, 4 บ./ข้อความ ,-,-,4G/3G,749,,1200,,60,,9999,
AIS,รายเดือน,Online MAXX,949,บาท/เดือน,"1,500 นาที ","1,500 นาที ",(ทุกเครือข่าย),80 GB,Full Speed,AIS Super Wifi (ไม่จำกัด), 1.50 บ./นาที , 1.50 บ./นาที ,-,-,-,2.5 บ./ข้อความ, 4 บ./ข้อความ ,-,-,4G/3G,949,,1500,,80,,9999,
AIS,เติมเงิน,THE ONE SIM,50,บาท,-,-,,-,-,AIS Super WiFi (30 วัน),42 สต./30 วินาที (นาทีแรก 1 บ.),42 สต./30 วินาที (นาทีแรก 1 บ.),1.5 บ./MB,-,-,2 บ./ข้อความ,3 บ./ข้อความ,"รับโบนัสฟรี 5 บาท และวันใช้งาน 30 วัน, รับสิทธิ์ใช้งาน Internet ในการดู YouTube ฟรี 2GB ใน 30 วันแรก ความเร็ว 7.2 Mbps, เมื่อเติมเงินสะสมครบทุก 50 บาท ในวันถัดไป จะได้รับสิทธิ์ใช้งาน Internet ในการดู YouTube ฟรี นาน 1 วัน (24 ชั่วโมง) ที่ความเร็ว 7.2 Mbps และสามารถรับสิทธิ์ฟรีได้ทุกวันเมื่อเติมเงินตามเงื่อนไข, รับสิทธิ์ใช้งาน Internet สำหรับ TikTok Application ฟรี ถึงเวลา 23.59 น. ทุกวัน ที่ความเร็ว 4 Mbps โดยสามารถรับสิทธิ์ได้ทุกวัน, รับสิทธิ์ใช้งาน Internet ฟรี ในการดูหนัง, ดูทีวี ผ่าน AIS PLAY Application และฟังเพลงผ่าน JOOX Application รวม 2 GB ต่อวัน ที่ความเร็ว 7.2 Mbps โดยสามารถรับสิทธิ์ได้ทุกวันผ่าน My AIS Application","เดือนที่ 2-12 จะได้รับสิทธิ์ฟรีต่อเนื่อง เมื่อเติมเงินสะสมครบ 150 บ. และเข้ารับสิทธิ์ตามเงื่อนไขที่กำหนด เติมเงินสะสมครบทุก 50 บาท ในวันถัดไป จะได้รับสิทธิ์ใช้งาน Internet ในการดู YouTube ฟรี! นาน 1 วัน (24 ชั่วโมง) ที่ความเร็ว 7.2 Mbps, รับสิทธิ์ใช้งาน Internet สำหรับ TikTok Application ฟรี ถึงเวลา 23.59 น. ทุกวัน ที่ความเร็ว 4 Mbps จะได้รับในเดือนถัดไป เมื่อเติมเงินสะสมครบ 150 บ. ต่อเดือน สิทธิ์ฟรี Internet สำหรับ AIS PLAY และ JOOX ดังกล่าวจะได้รับในวันถัดไปหลังจากเติมเงินสะสมครบ 150 บ. ต้องกดรับสิทธิ์ผ่าน My AIS Application, สิทธิ์ฟรี AIS SUPER WiFi 30 วัน จะได้รับในเดือนถัดไป เมื่อเติมเงินสะสมครบ 150 บ./เดือน",5G,50,,0,,0,,0,
AIS,เติมเงิน,SUPER PLAY,50,บาท,-,-,,-,-,AIS Super WiFi (30 วัน),1.4 สต./วินาที (นาทีแรก 99 สต.),1.4 สต./วินาที (นาทีแรก 99 สต.),1.5 บ./MB,-,-,2 บ./ข้อความ,3 บ./ข้อความ,รับทันที ดู AIS PLAY ไม่อั้นด้วยความเร็ว 7.2 Mbps. และโบนัสโทรฟรี 15 บาท(นาน 30 วัน),"เติมเงินสะสมครบ 150 บ. (รอบละ 30 วัน) จะได้รับสิทธิ์ ดู YouTube 1 GB ด้วยความเร็ว 7.2 Mbps (นาน 7 วัน), อินเทอร์เนตสำหรับมือถือที่รองรับ 4G 1 GB (นาน 7 วัน), ฟังเพลงไม่อั้นผ่านแอป JOOX ที่ความเร็ว 512 kbps (นาน 30 วัน),ใช้งาน AIS SUPER WiFi ปริมาณ 3GB (นาน 30 วัน) รับสิทธิ์ติดต่อกัน 12 รอบ",4G/3G,50,,0,,0,,0,
AIS,เติมเงิน,SUPER SOCIAL SIM,50,บาท,-,-,,-,-,AIS Super WiFi (30 วัน),1.5 สต./วินาที,1.5 สต./วินาที,1.5 บ./MB,-,-,2 บ./ข้อความ,3 บ./ข้อความ,"ฟรี Social App ไม่อั้น 4 Mbps; facebook, Messenger, LINE, Whatsapp, Twitter นาน 30 วัน, ฟรี AIS SUPER WiFi นาน 7 วัน, ลูกค้าใหม่ฟรีประกันภัย ไวรัสโคโรนา (Covid-19) จากอาคเนย์ประกันภัย","เมื่อเติมเงินสะสมครบ 150 บาท โทรฟรีในเครือข่ายเอไอเอส 15 นาที/ครั้ง นาน 30 วัน ค่าโทรส่วนเกินคิด 0.99 สตางค์/นาที เดือน 2-12 รับฟรีเมื่อเติมสะสมครบ ตามเงื่อนไข, เมื่อเติมเงินสะสมครบ 100 บาท/เดือน รับโทรฟรีในเครือข่ายเอไอเอส 15 นาที/ครั้ง นาน 15วัน, เมื่อเติมเงินสะสมครบ 150 บาท/เดือน รับโทรฟรีในเครือข่ายเอไอเอส 15 นาที/ครั้ง นาน 30 วัน, AIS Super WiFi นาน 30 วัน, ฟรี Social App ไม่อั้น 4 Mbps; facebook, Messenger, LINE, Whatsapp, Twitter นาน 30 วัน",5G,50,,0,,0,,0,
AIS,เติมเงิน,ZEED SIM,50,บาท,-,-,,-,-, AIS SUPER WiFi (ไม่จำกัด),25 สต./นาที (นาทีแรก 1 บ.),25 สต./นาที (นาทีแรก 1 บ.),50 สต./MB,-,-,2 บ./ข้อความ,3 บ./ข้อความ,"รับโบนัสฟรี 15 บ. และวันใช้งานสะสม 30 วัน, ฟรีอินเทอร์เน็ต สำหรับเล่นเกม PUBG Mobile, ROV, Free Fire ไม่จำกัดที่ความเร็วต่อเนื่อง 2Mbps, ฟรีอินเทอร์เน็ตสำหรับ Facebook Application พร้อมดูไลฟ์สตรีม ผ่าน Facebook Gaming ที่ความเร็วต่อเนื่อง 4Mbps, ฟรีอินเทอร์เน็ตสำหรับ Instagram ไม่จำกัดที่ความเร็วต่อเนื่อง 2Mbps, ฟรีอินเทอร์เน็ตสำหรับเรียนออนไลท์ผ่าน Startdee Application ไม่อั้นความเร็ว 2 Mbps, ฟรีอินเทอร์เน็ตสำหรับ AIS PLAY App ไม่จำกัดที่ความเร็วต่อเนื่อง 7Mbps, ฟรีอินเทอร์เน็ตทั่วไป เดือนละ 2GB/เดือน ความเร็วต่อเนื่องเต็มสปีด","รับสิทธิ์ฟรี ในเดือนแรก,เดือนที่ 2-12 ต้องมีการเติมเงินสะสมครบ 100 บ. ในเดือนก่อนหน้าเพื่อรับสิทธิ์ฟรี!ต่อเนื่องในเดือนถัดไป, สำหรับผู้ที่มีอายุไม่เกิน 24 ปีบริบูรณ์เท่านั้น รับสิทธิ์ฟรีอินเทอร์เน็ต สำหรับ Application Learn Anywhere 3 เดือน ที่ความเร็วต่อเนื่อง 4Mbps, ฟรีอินเทอร์เน็ต สำหรับดู YouTube เดือนละ 2GB /เดือน นาน 12 เดือน สามารถดูได้ผ่าน 3 ช่องทาง www.youtube.com, แอปพลิเคชัน YouTube และ m.youtube.com เท่านั้น ความเร็วต่อเนื่องเต็มสปีด, ฟรีอินเทอร์เน็ตสำหรับ TikTok App ไม่จำกัดที่ความเร็วต่อเนื่อง 4Mbps
รับสิทธิ์ฟรีสำหรับโทรในเครือข่ายเอไอเอส ตลอด 24 ชม/เดือน โดยสามารถโทรได้ฟรีครั้งละ 60 นาทีเท่านั้น โดยต้องวางสายและโทรใหม่ ",5G,50,,0,,0,,0,
AIS,เติมเงิน,ซิมสุดคุ้ม,24,บาท,-,-,,-,-,-,1 สต./วินาที (นาทีแรก 1 บ.),1 สต./วินาที (นาทีแรก 1 บ.),1 บ./MB,-,-,2 บ./ข้อความ,3 บ./ข้อความ,"รับโบนัสฟรี 15 บาท และวันใช้งานสะสม 30 วัน, ฟรี Internet 4G/3G จำนวน 500 MB ที่ความเร็ว 4Mbps หลังจากใช้ Internet ครบตามปริมาณที่กำหนด เล่นเน็ตได้ต่อเนื่องด้วยความเร็วสูงสุด 128Kbsp ถึงเที่ยงคืน เวลา 23:59 นาฬิกาของวันที่เปิดซิม, รับฟรีประกันภัยอุบัติเหตุคุ้มครองสูงสุด 60,000 บ. จาก ทิพยประกันภัย 
","เมื่อลูกค้ามีการใช้งาน Internet ระบบจะคิดค่าใช้บริการตามจำนวนการใช้งานจริงในอัตราค่าบริการที่กำหนดไว้ (เมกกะไบท์ละ 1 บาท) จนกว่าจะมีการใช้บริการครบ 9 บาท (ไม่รวม Vat) ภายในวันเดียวกัน โดยเริ่มนับตั้งแต่เวลา 00:01-23:59 นาฬิกา ลูกค้าจะได้รับสิทธิ์ใช้งานฟรี Internet 4G/3G จำนวน 500 MB ที่ความเร็ว 4Mbps หลังจากใช้ Internet ครบตามปริมาณที่กำหนด เล่นเน็ตต่อเนื่องด้วยความเร็วสูงสุด 128Kbsp ถึงเที่ยงคืน เวลา 23:59 นาฬิกา, เดือนที่ 2-12 จะได้รับสิทธิ์ฟรีประกันอุบัติเหตุต่อเนื่อง เมื่อยังใช้ซิมสุดคุ้ม และเติมเงินสะสมครบ 50 บ. และเข้ารับสิทธิ์ตามเงื่อนไขที่กำหนดเท่านั้น *โดยสิทธิ์ฟรี ประกันอุบัติเหตุ ดังกล่าวจะขยายความคุ้มครองให้อัตโนมัติหลังลูกค้าปฏิบัติตามเงื่อนไขที่กำหนด",5G,24,,0,,0,,0,
AIS,เติมเงิน,EASY FREE NET, - ,บาท,-,-,,-,-,-,1 สต./วินาที (นาทีแรก 1 บ.),1 สต./วินาที (นาทีแรก 1 บ.),-,-,-,-,-,รับฟรีอินเทอร์เน็ตต่อนื่องที่ความเร็ว 64 kbps ในเดือนแรก," เดือนถัดไปเพียงมีการเติมเงิน ทุกราคา ราคาใดก็ได้ เพื่อรับสิทธิ์ฟรีต่อเนื่องในเดือนถัดไปหากไม่มีการเติมเงินในเดือนก่อนหน้านี้ ในเดือนก่อนหน้านี้ ลูกค้าจะไม่สามารถอินเทอร์เน็ตต่อเนื่องที่ความเร็ว 64 kbps ในเดือนถัดไปได้ อีกทั้งจะไม่สามารถใช้งานอินเทอร์เน็ตใดๆที่ซึ่งจะทำให้ถูกคิด Pay Per Use ได้เลยในระหว่างที่ไม่มีอินเทอร์เน็ตต่อเนื่องที่ความเร็ว 64 kbps, หากลูกค้าต้องการใช้งานอินเทอร์เน็ตที่ความเร็วสูงกว่าที่ให้มาสามารถซื้อแพ็กเกจเสริมอินเทอร์เน็ตได้",5G,-,,0,,0,,0,
AIS,เติมเงิน,ซิมคู่กัน,69,บาท,-,-,,-,-,AIS Super WiFi (30 วัน),1.4 สต./วินาที (นาทีแรก 1 บ.),1.4 สต./วินาที (นาทีแรก 1 บ.),-,-,-,-,-," ฟรี รับวันใช้งาน 30 วัน และ โบนัสค่าโทร 10 บาท โซเซียล 7 แอปดัง ไม่จำกัดนาน 30 วัน, โทรหาเบอร์คู่กัน ฟรี","2 ซิม 2 เบอร์ กระเป๋าเดียวกัน เติมเงินครั้งเดียวใช้ได้ 2 ซิม, รับฟรีทุกเดือนนาน 12 เดือน เพียงเติมเงินครบ 150 บ. / เดือนเน็ต 4G/3G เต็มสปีด 1 GBนาน 7 วันเน็ต 4G เต็มสปีด 1 GB นาน 7 วัน",4G/3G,69,,0,,0,,0,
AIS,เติมเงิน,SUPER NET SIM,50,บาท,-,-,,-,-,-,0.99 บาท/นาที,0.99 บาท/นาที,0.90 บ./MB,-,-,2 บ./ข้อความ,3 บ./ข้อความ,รับโบนัสโทรฟรี มูลค่า 15 บาทและวันใช้งานสะสม 30 วัน,"เปิดซิมใหม่ซุปเปอร์ เน็ต ลูกค้าต้องเติมเงิน 150 บาทเพื่อตัดค่าบริการแพ็กเกจรายเดือนภายใน 30 วัน รับอินเทอร์เน็ตไม่จำกัด 2 Mbps โดยมีอายุการใช้งาน 30 วัน, กรณีลูกค้าไม่ได้เติมเงินเพื่อตัดแพ็กเกจภายในกำหนดโปรโมชันดังกล่าวจะถูกยกลิกทันที และซิมดังกล่าวจะถูกคิดค่าบริการอินเตอร์เน็ต และค่าโทรตามแพ็กเกจหลักของซิม
ลูกค้าต้องเติมเงินเพื่อตัดค่าบริการอินเทอร์เน็ตดังกล่าวทุกเดือน โดยต้องเติม 150 บาท/เดือน ตามรอบการเติมเงินของลูกค้า, ค่าบริการอินเทอร์เน็ตดังกล่าวจะตัดอัตโนมัติทุกเดือน เป็นจำนวน 12 เดือน และ กรณีลูกค้าเติมเงินเพื่อตัดแพ็กเกจครบตามจำนวนรอบที่กำหนด คือ 12 รอบ หลังจากนั้นโปรโมชันดังกล่าวจะถูกเปลี่ยนเป็นโปรโมชันเดอะวันซิม",5G,50,,0,,0,,0,
AIS,เติมเงิน,ซิมคุ้มเวอร์,70,บาท,-,-,,-,-,-,0.01 บ./วินาที (นาทีแรก 1 บ.),0.01 บ./วินาที (นาทีแรก 1 บ.),-,-,-,2 บ./ข้อความ,3 บ./ข้อความ,"รับโบนัสฟรี 5 บาท และวันใช้งานสะสม 30 วัน, เมื่อเปิดใช้งานซิมสำเร็จรับอินเทอร์เน็ตไม่อั้นที่ความเร็ว 4Mbps อายุใช้งาน 7 วัน, รับโทรฟรีทุกเครือข่าย 50 นาที อายุการใช้งาน 7 วัน, รับฟรีประกันอุบัติเหตุคุ้มครอง 100,000 บาท พร้อมค่ารักษาพยาบาล และค่าชดเชยรายได้รายวัน กรณีนอนพักรักษาตัวที่โรงพยาบาล จากบริษัทกรุงเทพประกันภัย จำกัด (มหาชน) , รับสิทธิ์ใช้งานฟรี Internet 4G/3G ด้วยความเร็วสูงสุด 128 Kbps",สัปดาห์ที่ 2-สัปดาห์ที่ 52 (1 ปี) จะได้รับสิทธิ์อย่างต่อเนื่อง เมื่อเติมเงินเพื่อตัดแพ็คเกจค่าบริการ 70 บาทต่อสัปดาห์ทุกสัปดาห์สำเร็จตามเงื่อนไขที่กำหนดเท่านั้น,5G,70,,0,,0,,0,
AIS,เติมเงิน,ซิมเน็ต มาราธอน 1790,"1,790",บาท,ไม่จำกัด,-,,100 GB,10 Mbps,-,1 บ./นาที , 1 บ./นาที ,-,-,-,2 บ./ข้อความ,3 บ./ข้อความ,-,"	โทรฟรีเครือข่ายเอไอเอส 24 ชั่วโมง ครั้งละ 30 นาที, ใช้ได้นาน 12 เดือน (ได้รับเน็ต 100 GB/เดือน หลังจากใช้งานครบตามปริมาณที่กำหนด สามารถใช้งานได้ต่อเนื่องที่ความเร็ว 128Kbps",5G,1790,,0,,100,,10,
AIS,เติมเงิน,ซิมเน็ต มาราธอน 600,600,บาท,ไม่จำกัด,-,,7.5 GB,1 Mbps,-,1 บ./นาที ,1.5 สต./วินาที (นาทีแรก 1 บ.),-,-,-,2 บ./ข้อความ,3 บ./ข้อความ,-,"	โทรฟรีเครือข่ายเอไอเอส 24 ชั่วโมง ครั้งละ 1 ชม., ใช้ได้นาน 6 เดือน (ได้รับเน็ต 7.5 GB/เดือน หลังจากใช้งานครบตามปริมาณที่กำหนด สามารถใช้งานได้ต่อเนื่องที่ความเร็ว 128Kbps",5G,600,,0,,7.5,,1,
AIS,เติมเงิน,ซิมเน็ต มาราธอน 1200,"1,200",บาท,ไม่จำกัด,-,,7.5 GB,1 Mbps,-,1 บ./นาที ,1.5 สต./วินาที (นาทีแรก 1 บ.),-,-,-,2 บ./ข้อความ,3 บ./ข้อความ,-,"	โทรฟรีเครือข่ายเอไอเอส 24 ชั่วโมง ครั้งละ 1 ชม., ใช้ได้นาน 12 เดือน (ได้รับเน็ต 7.5 GB/เดือน หลังจากใช้งานครบตามปริมาณที่กำหนด สามารถใช้งานได้ต่อเนื่องที่ความเร็ว 128Kbps",5G,1200,,0,,7.5,,1,
AIS,เติมเงิน,ซิมเน็ต มาราธอน 1400,"1,400",บาท,ไม่จำกัด,-,,20 GB,4 Mbps,-,1 บ./นาที , 1 บ./นาที ,-,-,-,2 บ./ข้อความ,3 บ./ข้อความ,-,ใช้ได้นาน 6 เดือน (ได้รับเน็ต 20 GB/เดือน หลังจากใช้งานครบตามปริมาณที่กำหนด สามารถใช้งานได้ต่อเนื่องที่ความเร็ว 128Kbps,5G,1400,,0,,20,,4,
AIS,เติมเงิน,ซิมเน็ต มาราธอน 2500,"2,500",บาท,-,-,,20 GB,4 Mbps,-, 1 บ./ชม. , 1 บ./นาที ,-,-,-,2 บ./ข้อความ,3 บ./ข้อความ,-,ใช้ได้นาน 12 เดือน (ได้รับเน็ต 20 GB/เดือน หลังจากใช้งานครบตามปริมาณที่กำหนด สามารถใช้งานได้ต่อเนื่องที่ความเร็ว 128Kbps,5G,2500,,0,,20,,4,
AIS,เติมเงิน,โปรวิวิ 60/1,30,บาท,-,-,,-,-,-,1.7 สต./วินาที (นาทีแรก 75 สต.),1.7 สต./วินาที (นาทีแรก 75 สต.),1.61 บ./MB,-,-, 3.21 บ./ข้อความ , 6.42 บ./ข้อความ ,-,-,4G/3G,30,,0,,0,,0,
AIS,เติมเงิน,30 กำลังดี,30,บาท,-,-,,-,-,-,1.06 บ./นาที,1.06 บ./นาที,1.61 บ./MB,-,-, 2.14 บ./ข้อความ , 6.42 บ./ข้อความ ,-,-,4G/3G,30,,0,,0,,0,
AIS,เติมเงิน,โทรสะใจใหม่,30,บาท,-,-,,-,-,-,80 สต./นาที (3 นาทีแรก 2.14 บ.),80 สต./นาที (3 นาทีแรก 2.14 บ.),1.61 บ./MB,-,-, 3.21 บ./ข้อความ , 6.42 บ./ข้อความ ,-,-,4G/3G,30,,0,,0,,0,
AIS,เติมเงิน,โทรถูกเวลา 12 ชม.,30,บาท,-,-,,-,-,-,ช่วงเวลา 5.00-17.00 น. 27 สต/นาที (นาทีแรก 1.07 บ.).นอกช่วงเวลา 1.34 บ./นาที,ช่วงเวลา 5.00-17.00 น. 27 สต/นาที (นาทีแรก 1.07 บ.).นอกช่วงเวลา 1.34 บ./นาที,1.61 บ./MB,-,-, 3.21 บ./ข้อความ , 6.42 บ./ข้อความ ,-,-,4G/3G,30,,0,,0,,0,
AIS,เติมเงิน,โปรวินาที,30,บาท,-,-,,-,-,-,1.2 สต./วินาที,1.2 สต./วินาที,0.267 บ./MB,-,-, 1.18 บ./ข้อความ , 3.32 บ./ข้อความ ,-,-,4G/3G,30,,0,,0,,0,
AIS,เติมเงิน,โทรคุ้ม,30,บาท,-,-,,-,-,-,ในเครือข่าย 1.07 บ./นาที (10 นาทีแรก 3.21 บ.) นอกเครือข่าย 1.34 บ./นาที,ในเครือข่าย 1.07 บ./นาที (10 นาทีแรก 3.21 บ.) นอกเครือข่าย 1.34 บ./นาที,1.61 บ./MB,-,-, 3.21 บ./ข้อความ , 6.42 บ./ข้อความ ,-,-,4G/3G,30,,0,,0,,0,
AIS,แพ็กเกจเสริม,เน็ต 15 GB,399,บาท,-,-,,15 GB,Full Speed,-,-,-,-,-,-,-,-,"AIS 5G PLAY VR 3 เดือน, AIS 5G PLAY AR 3 เดือน","หลังจากใช้งานครบตามปริมาณ ใช้ต่อเนื่องที่ความเร็ว 128kbps, ใช้ได้นาน 30 วัน หักค่าบริการอัตโนมัติทุก 30 วัน อินเทอร์เน็ตรับสิทธิ์ใช้ได้นาน 6 เดือน",5G,399,,0,,15,,9999,
AIS,แพ็กเกจเสริม,เน็ต 5 GB,199,บาท,-,-,,5 GB,Full Speed,-,-,-,-,-,-,-,-,"AIS 5G PLAY VR 3 เดือน, AIS 5G PLAY AR 3 เดือน","หลังจากใช้งานครบตามปริมาณ ใช้ต่อเนื่องที่ความเร็ว 128kbps, ใช้ได้นาน 30 วัน หักค่าบริการอัตโนมัติทุก 30 วัน อินเทอร์เน็ตรับสิทธิ์ใช้ได้นาน 6 เดือน",5G,199,,0,,5,,9999,
AIS,แพ็กเกจเสริม,เน็ต 5 GB,75,บาท,-,-,, 5 GB,Full Speed,-,-,-,-,-,-,-,-,-,ใชได้นาน 1 วัน,4G/3G,75,,0,, 5 ,,9999,
AIS,แพ็กเกจเสริม,เน็ต 4 GB,69,บาท,-,-,, 4 GB,Full Speed,-,-,-,-,-,-,-,-,-,ใชได้นาน 1 วัน,4G/3G,69,,0,, 4 ,,9999,
AIS,แพ็กเกจเสริม,เน็ต 3 GB,49,บาท,-,-,, 3 GB,Full Speed,-,-,-,-,-,-,-,-,-,ใชได้นาน 1 วัน,4G/3G,49,,0,, 3 ,,9999,
AIS,แพ็กเกจเสริม,เน็ต 2 GB,45,บาท,-,-,, 2 GB,Full Speed,-,-,-,-,-,-,-,-,-,ใชได้นาน 1 วัน,4G/3G,45,,0,,2,,9999,
AIS,แพ็กเกจเสริม,เน็ต 1.5 GB,39,บาท,-,-,, 1.5 GB,Full Speed,-,-,-,-,-,-,-,-,-,ใชได้นาน 1 วัน,4G/3G,39,,0,,1.5,,9999,
AIS,แพ็กเกจเสริม,เน็ต 1 GB,35,บาท,-,-,, 1 GB,Full Speed,-,-,-,-,-,-,-,-,-,ใชได้นาน 1 วัน,4G/3G,35,,0,,1,,9999,
AIS,แพ็กเกจเสริม,เน็ต 600 MB,20,บาท,-,-,, 600 MB,Full Speed,-,-,-,-,-,-,-,-,-,ใชได้นาน 1 วัน,4G/3G,20,,0,,0.6,,9999,
AIS,แพ็กเกจเสริม,เน็ต 500 MB,19,บาท,-,-,, 500 MB,Full Speed,-,-,-,-,-,-,-,-,-,ใชได้นาน 1 วัน,4G/3G,19,,0,,0.5,,9999,
AIS,แพ็กเกจเสริม,เน็ต 200 MB,15,บาท,-,-,, 200 MB,Full Speed,-,-,-,-,-,-,-,-,-,ใชได้นาน 1 วัน,4G/3G,15,,0,,0.2,,9999,
AIS,แพ็กเกจเสริม,เน็ต 100 MB,9,บาท,-,-,, 100 MB,Full Speed,-,-,-,-,-,-,-,-,-,ใชได้นาน 1 วัน,4G/3G,9,,0,,0.1,,9999,
AIS,แพ็กเกจเสริม,เน็ต 5 GB,105,บาท,-,-,, 5 GB,Full Speed,-,-,-,-,-,-,-,-,-,ใชได้นาน 3 วัน,4G/3G,105,,0,, 5 ,,9999,
AIS,แพ็กเกจเสริม,เน็ต 4 GB,99,บาท,-,-,, 4 GB,Full Speed,-,-,-,-,-,-,-,-,-,ใชได้นาน 3 วัน,4G/3G,99,,0,, 4 ,,9999,
AIS,แพ็กเกจเสริม,เน็ต 3 GB,79,บาท,-,-,, 3 GB,Full Speed,-,-,-,-,-,-,-,-,-,ใชได้นาน 3 วัน,4G/3G,79,,0,, 3 ,,9999,
AIS,แพ็กเกจเสริม,เน็ต 2 GB,75,บาท,-,-,, 2 GB,Full Speed,-,-,-,-,-,-,-,-,-,ใชได้นาน 3 วัน,4G/3G,75,,0,,2,,9999,
AIS,แพ็กเกจเสริม,เน็ต 1.5 GB,69,บาท,-,-,, 1.5 GB,Full Speed,-,-,-,-,-,-,-,-,-,ใชได้นาน 3 วัน,4G/3G,69,,0,,1.5,,9999,
AIS,แพ็กเกจเสริม,เน็ต 1 GB,65,บาท,-,-,, 1 GB,Full Speed,-,-,-,-,-,-,-,-,-,ใชได้นาน 3 วัน,4G/3G,65,,0,,1,,9999,
AIS,แพ็กเกจเสริม,เน็ต 5 GB,150,บาท,-,-,, 5 GB,Full Speed,-,-,-,-,-,-,-,-,-,ใชได้นาน 7 วัน,4G/3G,150,,0,, 5 ,,9999,
AIS,แพ็กเกจเสริม,เน็ต 4 GB,135,บาท,-,-,, 4 GB,Full Speed,-,-,-,-,-,-,-,-,-,ใชได้นาน 7 วัน,4G/3G,135,,0,, 4 ,,9999,
AIS,แพ็กเกจเสริม,เน็ต 3 GB,119,บาท,-,-,, 3 GB,Full Speed,-,-,-,-,-,-,-,-,-,ใชได้นาน 7 วัน,4G/3G,119,,0,, 3 ,,9999,
AIS,แพ็กเกจเสริม,เน็ต 2 GB,115,บาท,-,-,, 2 GB,Full Speed,-,-,-,-,-,-,-,-,-,ใชได้นาน 7 วัน,4G/3G,115,,0,,2,,9999,
AIS,แพ็กเกจเสริม,เน็ต 1.5 GB,109,บาท,-,-,, 1.5 GB,Full Speed,-,-,-,-,-,-,-,-,-,ใชได้นาน 7 วัน,4G/3G,109,,0,,1.5,,9999,
AIS,แพ็กเกจเสริม,เน็ต 1 GB,99,บาท,-,-,, 1 GB,Full Speed,-,-,-,-,-,-,-,-,-,ใชได้นาน 7 วัน,4G/3G,99,,0,,1,,9999,
AIS,แพ็กเกจเสริม,เน็ต 5 GB,300,บาท,-,-,, 5 GB,Full Speed,-,-,-,-,-,-,-,-,-,ใชได้นาน 15 วัน,4G/3G,300,,0,, 5 ,,9999,
AIS,แพ็กเกจเสริม,เน็ต 4 GB,250,บาท,-,-,, 4 GB,Full Speed,-,-,-,-,-,-,-,-,-,ใชได้นาน 15 วัน,4G/3G,250,,0,, 4 ,,9999,
AIS,แพ็กเกจเสริม,เน็ต 3 GB,200,บาท,-,-,, 3 GB,Full Speed,-,-,-,-,-,-,-,-,-,ใชได้นาน 15 วัน,4G/3G,200,,0,, 3 ,,9999,
AIS,แพ็กเกจเสริม,เน็ต 2 GB,195,บาท,-,-,, 2 GB,Full Speed,-,-,-,-,-,-,-,-,-,ใชได้นาน 15 วัน,4G/3G,195,,0,,2,,9999,
AIS,แพ็กเกจเสริม,เน็ต 1.5 GB,189,บาท,-,-,, 1.5 GB,Full Speed,-,-,-,-,-,-,-,-,-,ใชได้นาน 15 วัน,4G/3G,189,,0,,1.5,,9999,
AIS,แพ็กเกจเสริม,เน็ต 1 GB,179,บาท,-,-,, 1 GB,Full Speed,-,-,-,-,-,-,-,-,-,ใชได้นาน 15 วัน,4G/3G,179,,0,,1,,9999,
AIS,แพ็กเกจเสริม,เน็ต 2 GB,239,บาท,-,-,, 2 GB,Full Speed,-,-,-,-,-,-,-,-,-,ใชได้นาน 30 วัน,4G/3G,239,,0,,2,,9999,
AIS,แพ็กเกจเสริม,เน็ต 20 GB,"1,799",บาท,-,-,,20 GB,Full Speed,AIS Super Wifi (ไม่จำกัด),,,,,,,,,"ใชได้นาน 30 วัน ต่ออายุอัตโนมัติ, หลังจากใช้งาน Internet ครบตามปริมาณที่กำหนด สามารถเล่นเน็ตได้ต่อเนื่อง ความเร็วสูงสุด 384 Kbps",4G/3G,1799,,0,,20,,9999,
AIS,แพ็กเกจเสริม,เน็ต 14 GB,888,บาท,-,-,,14 GB,Full Speed,AIS Super Wifi (ไม่จำกัด),,,,,,,,,ใชได้นาน 30 วัน ต่ออายุอัตโนมัติ,4G/3G,888,,0,,14,,9999,
AIS,แพ็กเกจเสริม,เน็ต 6 GB,699,บาท,-,-,,6 GB,Full Speed,AIS Super Wifi (ไม่จำกัด),,,,,,,,,"ใชได้นาน 30 วัน ต่ออายุอัตโนมัติ, หลังจากใช้งาน Internet ครบตามปริมาณที่กำหนด สามารถเล่นเน็ตได้ต่อเนื่อง ความเร็วสูงสุด 128 Kbps",4G/3G,699,,0,,6,,9999,
AIS,แพ็กเกจเสริม,เน็ต 5 GB,488,บาท,-,-,, 5 GB,Full Speed,AIS Super Wifi (ไม่จำกัด),-,-,-,-,-,-,-,-,ใชได้นาน 30 วัน ต่ออายุอัตโนมัติ,4G/3G,488,,0,, 5 ,,9999,
AIS,แพ็กเกจเสริม,เน็ต 4 GB,450,บาท,-,-,, 4 GB,Full Speed,-,-,-,-,-,-,-,-,-,ใชได้นาน 30 วัน ต่ออายุอัตโนมัติ,4G/3G,450,,0,, 4 ,,9999,
AIS,แพ็กเกจเสริม,เน็ต 3 GB,399,บาท,-,-,, 3 GB,Full Speed,-,-,-,-,-,-,-,-,-,"ใชได้นาน 30 วัน ต่ออายุอัตโนมัติ, หลังจากใช้งาน Internet ครบตามปริมาณที่กำหนด สามารถเล่นเน็ตได้ต่อเนื่อง ความเร็วสูงสุด 128 Kbps",4G/3G,399,,0,, 3 ,,9999,
AIS,แพ็กเกจเสริม,เน็ต 2 GB,239,บาท,-,-,, 2 GB,Full Speed,-,-,-,-,-,-,-,-,-,ใชได้นาน 30 วัน ต่ออายุอัตโนมัติ,4G/3G,239,,0,,2,,9999,
AIS,แพ็กเกจเสริม,เน็ต 1.5 GB,229,บาท,-,-,, 1.5 GB,Full Speed,-,-,-,-,-,-,-,-,-,ใชได้นาน 30 วัน ต่ออายุอัตโนมัติ,4G/3G,229,,0,,1.5,,9999,
AIS,แพ็กเกจเสริม,เน็ต 1 GB,199,บาท,-,-,, 1 GB,Full Speed,-,-,-,-,-,-,-,-,-,"ใชได้นาน 30 วัน ต่ออายุอัตโนมัติ, หลังจากใช้งาน Internet ครบตามปริมาณที่กำหนด สามารถเล่นเน็ตได้ต่อเนื่อง ความเร็วสูงสุด 128 Kbps",4G/3G,199,,0,,1,,9999,
AIS,แพ็กเกจเสริม,โทรทุกเครือข่าย 100 นาที,20,บาท,100 นาที ,100 นาที ,(ทุกเครือข่าย),-,-,-,-,-,-,-,-,-,-,-,ใชได้นาน 1 วัน,4G/3G,20,,100,,0,,0,
AIS,แพ็กเกจเสริม,โทรทุกเครือข่าย 60 นาที,19,บาท,60 นาที ,60 นาที ,(ทุกเครือข่าย),-,-,-,-,-,-,-,-,-,-,-,ใชได้นาน 1 วัน,4G/3G,19,,60,,0,,0,
AIS,แพ็กเกจเสริม,โทรทุกเครือข่าย 18 นาที,7,บาท,18 นาที ,18 นาที ,(ทุกเครือข่าย),-,-,-,-,-,-,-,-,-,-,-,ใชได้นาน 1 วัน,4G/3G,7,,18,,0,,0,
AIS,แพ็กเกจเสริม,โทรทุกเครือข่าย 14 นาที,9,บาท,14 นาที ,14 นาที ,(ทุกเครือข่าย),-,-,-,-,-,-,-,-,-,-,-,ใชได้นาน 1 วัน,4G/3G,9,,14,,0,,0,
AIS,แพ็กเกจเสริม,โทรทุกเครือข่าย 30 นาที,20,บาท,30 นาที ,30 นาที ,(ทุกเครือข่าย),-,-,-,-,-,-,-,-,-,-,-,ใชได้นาน 2 วัน,4G/3G,20,,30,,0,,0,
AIS,แพ็กเกจเสริม,โทรทุกเครือข่าย 60 นาที,39,บาท,60 นาที ,60 นาที ,(ทุกเครือข่าย),-,-,-,-,-,-,-,-,-,-,-,ใชได้นาน 5 วัน,4G/3G,39,,60,,0,,0,
AIS,แพ็กเกจเสริม,โทรทุกเครือข่าย 120 นาที,75,บาท,120 นาที ,120 นาที ,(ทุกเครือข่าย),-,-,-,-,-,-,-,-,-,-,-,ใชได้นาน 10 วัน,4G/3G,75,,120,,0,,0,
AIS,แพ็กเกจเสริม,โทรทุกเครือข่าย 240 นาที,150,บาท,240 นาที ,240 นาที ,(ทุกเครือข่าย),-,-,-,-,-,-,-,-,-,-,-,ใชได้นาน 20 วัน,4G/3G,150,,240,,0,,0,
AIS,แพ็กเกจเสริม,โทรทุกเครือข่าย 480 นาที,300,บาท,480 นาที ,480 นาที ,(ทุกเครือข่าย),-,-,-,-,-,-,-,-,-,-,-,ใชได้นาน 30 วัน,4G/3G,300,,480,,0,,0,
AIS,แพ็กเกจเสริม,เน็ตไม่จำกัด ความเร็ว 4 Mbps,229,บาท,ไม่จำกัด,-,,-,4 Mbps,-,-,0.99 บ./นาที,-,-,-,-,-,-,"ใชได้นาน 7 วัน, โทรฟรีครั้งละไม่เกิน 60 นาที",4G/3G,229,,0,,0,,4,
AIS,แพ็กเกจเสริม,เน็ตไม่จำกัด ความเร็ว 1 Mbps,129,บาท,ไม่จำกัด,-,,-,1 Mbps,-,-,0.99 บ./นาที,-,-,-,-,-,-,"ใชได้นาน 7 วัน, โทรฟรีครั้งละไม่เกิน 60 นาที",4G/3G,129,,0,,0,,1,
AIS,แพ็กเกจเสริม,เน็ตไม่จำกัด ความเร็ว 4 Mbps,42,บาท,ไม่จำกัด,-,,-,4 Mbps,-,-,1 บ./นาที,-,-,-,-,-,-,"ใชได้นาน 1 วัน, โทรฟรีครั้งละไม่เกิน 60 นาที",4G/3G,42,,0,,0,,4,
AIS,แพ็กเกจเสริม,เน็ตไม่จำกัด ความเร็ว 512 Kbps,32,บาท,ไม่จำกัด,-,,-,512 Kbps,-,-,1 บ./นาที,-,-,-,-,-,-,"ใชได้นาน 1 วัน, โทรฟรีครั้งละไม่เกิน 60 นาที",4G/3G,32,,0,,0,,0.512,
AIS,แพ็กเกจเสริม,เน็ตไม่จำกัด ความเร็ว 314 Kbps,27,บาท,ไม่จำกัด,-,,-,314 Kbps,-,-,1 บ./นาที,-,-,-,-,-,-,"ใชได้นาน 1 วัน, โทรฟรีครั้งละไม่เกิน 60 นาที",4G/3G,27,,0,,0,,0.314,
AIS,แพ็กเกจเสริม,WiFi 1 ชม.,9,บาท, - , - ,, - , - ,AIS Super WiFi (1 ชม.), - , - , - , - , - , - , - , - ,ใชได้นาน 1 วัน,4G/3G,9,, -   ,,0,, -   ,
AIS,แพ็กเกจเสริม,WiFi 5 ชม.,19,บาท, - , - ,, - , - ,AIS Super WiFi (5 ชม.), - , - , - , - , - , - , - , - ,ใชได้นาน 1 วัน,4G/3G,19,, -   ,,0,, -   ,
AIS,แพ็กเกจเสริม,WiFi 24 ชม.,29,บาท, - , - ,, - , - ,AIS Super WiFi (24 ชม.), - , - , - , - , - , - , - , - ,ใชได้นาน 1 วัน,4G/3G,29,, -   ,,0,, -   ,
AIS,แพ็กเกจเสริม,"WiFi ต่อเนื่อง
ไม่จำกัด",99,บาท, - , - ,, - , - ,AIS Super Wifi (ไม่จำกัด), - , - , - , - , - , - , - , - ,ใชได้นาน 30 วัน,4G/3G,99,, -   ,,0,, -   ,
AIS,AIS Fibre,eSports Package,990,บาท/เดือน,-,-,,-,500 Mbps,-,-,-,-,-,-,-,-,"ฟรีค่าติดตั้งและเดินสายภายนอก มูลค่า 4,800 บาท, สิทธิ์ยืม Dual Band Wi-Fi Router จำนวน 2 เครื่อง มูลค่า 4,000 บาท, ส่วนลดค่าแรกเข้า เพียง 800 บาท จากปกติ 2,000 บาท","รับ Public IPv4 เพิ่มประสิทธิภาพการเล่นเกมได้สปีดเต็มทั้ง 2 ท่อ แม้ใช้ในเวลาเดียวกันปล่อยสัญญาณ WiFi คนละช่อง ทำให้ไม่กวนกันแยก IP Address คนละชุด ทำให้สัญญาณเน็ต วิ่งเส้นทางที่สั้นที่สุด ไปยัง Game Server ยอดนิยมเพื่อประสบการณ์ที่ดีที่สุดในการเล่นเกม อาทิเช่น, เพิ่ม 100 บ./เดือน ได้กล่อง AIS PLAYBOX",,990,,0,,0,,500,
AIS,AIS Fibre,eSports Package,890,บาท/เดือน,-,-,,-,300 Mbps,-,-,-,-,-,-,-,-,"ฟรีค่าติดตั้งและเดินสายภายนอก มูลค่า 4,800 บาท, สิทธิ์ยืม Dual Band Wi-Fi Router จำนวน 2 เครื่อง มูลค่า 4,000 บาท, ส่วนลดค่าแรกเข้า เพียง 800 บาท จากปกติ 2,000 บาท","รับ Public IPv4 เพิ่มประสิทธิภาพการเล่นเกมได้สปีดเต็มทั้ง 2 ท่อ แม้ใช้ในเวลาเดียวกันปล่อยสัญญาณ WiFi คนละช่อง ทำให้ไม่กวนกันแยก IP Address คนละชุด ทำให้สัญญาณเน็ต วิ่งเส้นทางที่สั้นที่สุด ไปยัง Game Server ยอดนิยมเพื่อประสบการณ์ที่ดีที่สุดในการเล่นเกม อาทิเช่น, เพิ่ม 100 บ./เดือน ได้กล่อง AIS PLAYBOX (PLAY Family ฟรี 12 เดือน)",,890,,0,,0,,300,
AIS,AIS Fibre,eSports Package,790,บาท/เดือน,-,-,,-,200 Mbps,-,-,-,-,-,-,-,-,"ฟรีค่าติดตั้งและเดินสายภายนอก มูลค่า 4,800 บาท, สิทธิ์ยืม Dual Band Wi-Fi Router จำนวน 2 เครื่อง มูลค่า 4,000 บาท, ส่วนลดค่าแรกเข้า เพียง 800 บาท จากปกติ 2,000 บาท","รับ Public IPv4 เพิ่มประสิทธิภาพการเล่นเกมได้สปีดเต็มทั้ง 2 ท่อ แม้ใช้ในเวลาเดียวกันปล่อยสัญญาณ WiFi คนละช่อง ทำให้ไม่กวนกันแยก IP Address คนละชุด ทำให้สัญญาณเน็ต วิ่งเส้นทางที่สั้นที่สุด ไปยัง Game Server ยอดนิยมเพื่อประสบการณ์ที่ดีที่สุดในการเล่นเกม อาทิเช่น, เพิ่ม 100 บ./เดือน ได้กล่อง AIS PLAYBOX (PLAY Family ฟรี 12 เดือน)",,790,,0,,0,,200,
AIS,AIS Fibre,SuperMESH WiFi Package,999,บาท/เดือน,-,-,,-,1000/500 Mbps,-,-,-,-,-,-,-,-,"ค่าแรกเข้า เพียง 800 บ. (จากปกติ 2,000 บ.) ค่าแรกเข้านี้ จะเป็นส่วนลดค่าบริการรายเดือน เดือนละ 100 บ. นาน 8 รอบบิล, ค่าติดตั้งและเดินสายภายนอก มูลค่า 4,800 บาท, สิทธิ์ยืม SuperMESH WiFi Router 2 ตัว มูลค่า 7,980 บาท",เพิ่ม 100 บ./เดือน ได้กล่อง AIS PLAYBOX (PLAY PREMIUM PLUS ฟรี 24 เดือน),,999,,0,,0,,1000,
AIS,AIS Fibre,SerenadePACKAGE,899,บาท/เดือน,-,-,,-,1000/500 Mbps,-,-,-,-,-,-,-,-,"ฟรี ค่าติดตั้งและเดินสายภายนอก มูลค่า 4,800 บาท, ฟรี สิทธิ์ยืม SuperMESH WiFi Router มูลค่า 3,990 บาท, ฟรี สิทธิ์ยืม AIS PLAYBOX มูลค่า 2,000 บาท, PLAY PREMIUM PLUS ฟรี 12 เดือน, ฟรี ค่าแรกเข้ามูลค่า 2,000 บาท",สำหรับลูกค้าเอไอเอส เซเรเนด,,899,,0,,0,,1000,
AIS,AIS Fibre,POWER4 SpecialPACKAGE,999,บาท/เดือน,-,-,,-,1000/200 Mbps,AIS Super Wifi (ไม่จำกัด),-,-,-,-,-,-,-,"ฟรี ค่าติดตั้งและเดินสายภายนอก มูลค่า 4,800 บาท, ฟรี สิทธิ์ยืม SuperMESH WiFi Router มูลค่า 3,990 บาท, ฟรี สิทธิ์ยืม AIS PLAYBOX มูลค่า 2,000 บาท, PLAY PREMIUM Family ฟรี 12 เดือน, ส่วนลดค่าแรกเข้า เพียง 800 บาท จากปกติ 2,000 บาท, 4G Max speed 10 GB,สิทธิ์ AIS Serenade Emerald",ลูกค้า AIS รายเดือน (ยอดใช้งาน 399 ขึ้นไป) เหลือ 799 บาท/เดือน,,999,,0,,0,,1000,
AIS,AIS Fibre,POWER4 SpecialPACKAGE,899,บาท/เดือน,-,-,,-,500/500 Mbps,AIS Super Wifi (ไม่จำกัด),-,-,-,-,-,-,-,"ฟรี ค่าติดตั้งและเดินสายภายนอก มูลค่า 4,800 บาท, ฟรี สิทธิ์ยืม SuperMESH WiFi Router มูลค่า 3,990 บาท, ฟรี สิทธิ์ยืม AIS PLAYBOX มูลค่า 2,000 บาท, PLAY PREMIUM Family ฟรี 12 เดือน, ส่วนลดค่าแรกเข้า เพียง 800 บาท จากปกติ 2,000 บาท, 4G Max speed 10 GB,สิทธิ์ AIS Serenade Emerald",ลูกค้า AIS รายเดือน (ยอดใช้งาน 399 ขึ้นไป) เหลือ 699 บาท/เดือน,,899,,0,,0,,500,
AIS,AIS Fibre,POWER4 SpecialPACKAGE,799,บาท/เดือน,-,-,,-,200/200 Mbps,AIS Super Wifi (ไม่จำกัด),-,-,-,-,-,-,-,"ฟรี ค่าติดตั้งและเดินสายภายนอก มูลค่า 4,800 บาท, ฟรี สิทธิ์ยืม SuperMESH WiFi Router มูลค่า 3,990 บาท, ฟรี สิทธิ์ยืม AIS PLAYBOX มูลค่า 2,000 บาท, PLAY PREMIUM Family ฟรี 12 เดือน, ส่วนลดค่าแรกเข้า เพียง 800 บาท จากปกติ 2,000 บาท, 4G Max speed 10 GB,สิทธิ์ AIS Serenade Emerald",ลูกค้า AIS รายเดือน (ยอดใช้งาน 399 ขึ้นไป) เหลือ 599 บาท/เดือน,,799,,0,,0,,200,
AIS,AIS Fibre,BROADBAND24PACKAGE,599,บาท/เดือน,-,-,,-,500/500 Mbps,-,-,-,-,-,-,-,-,"ฟรี ค่าติดตั้งและเดินสายภายนอก มูลค่า 4,800 บาท, ส่วนลดค่าแรกเข้า เพียง 800 บาท จากปกติ 2,000 บาท,"," ลูกค้า AIS รายเดือน เหลือ 539 บาท/เดือน, เพิ่ม 100 บ./เดือน ได้กล่อง AIS PLAYBOX (PLAY Family ฟรี 24 เดือน)",,599,,0,,0,,500,
AIS,Disney+,Disney+ Hotstar,99,บาท/เดือน,-,-,,-,-,-,-,-,-,-,-,-,-,ดูเพิ่ม 1 เดือน ไม่มีค่าใช้จ่าย(รับสิทธิ์ในเดือนที่ 2), ลูกค้า AIS รายเดือน เหลือ 49 บาท/เดือน,,99,,0,,0,,0,
AIS,Disney+,Disney+ Hotstar,799,บาท/ปี,-,-,,-,-,-,-,-,-,-,-,-,-,-, ลูกค้า AIS รายเดือน เหลือ 499 บาท/ปี,,799,,0,,0,,0,
AIS,โปรโมชั่นมือถือ,VIVO Y12A,"4,499",บาท,-,-,,24 GB,Full Speed,AIS Super Wifi (ไม่จำกัด),50 สต./นาที,50 สต./นาที,,,,,,"(ซิม AIS ครบเครื่อง (เติมเงิน)), เล่นฟรี Facebook และ Instagram ไม่คิดค่าอินเทอร์เน็ต",รับสิทธิ์นาน 12 เดือน (อินเตอร์เน็ตเดือนละ 2 GB),,4499,,0,,24,,9999,
AIS,โปรโมชั่นมือถือ,XIAOMI Redmi 9A,"2,899",บาท,-,-,,24 GB,Full Speed,AIS Super Wifi (ไม่จำกัด),50 สต./นาที,50 สต./นาที,,,,,,"(ซิม AIS ครบเครื่อง (เติมเงิน)), เล่นฟรี Facebook และ Instagram ไม่คิดค่าอินเทอร์เน็ต",รับสิทธิ์นาน 12 เดือน (อินเตอร์เน็ตเดือนละ 2 GB),,2899,,0,,24,,9999,
AIS,โปรโมชั่นมือถือ,XIAOMI Redmi 9C,"3,199",บาท,-,-,,24 GB,Full Speed,AIS Super Wifi (ไม่จำกัด),50 สต./นาที,50 สต./นาที,,,,,,"(ซิม AIS ครบเครื่อง (เติมเงิน)), เล่นฟรี Facebook และ Instagram ไม่คิดค่าอินเทอร์เน็ต",รับสิทธิ์นาน 12 เดือน (อินเตอร์เน็ตเดือนละ 2 GB),,3199,,0,,24,,9999,
AIS,โปรโมชั่นมือถือ,Realme C21,"4,299",บาท,-,-,,24 GB,Full Speed,AIS Super Wifi (ไม่จำกัด),50 สต./นาที,50 สต./นาที,,,,,,"(ซิม AIS ครบเครื่อง (เติมเงิน)), เล่นฟรี Facebook และ Instagram ไม่คิดค่าอินเทอร์เน็ต",รับสิทธิ์นาน 12 เดือน (อินเตอร์เน็ตเดือนละ 2 GB),,4299,,0,,24,,9999,
AIS,โปรโมชั่นมือถือ,A-ONE,"2,590",บาท,-,-,,24 GB,Full Speed,AIS Super Wifi (ไม่จำกัด),50 สต./นาที,50 สต./นาที,,,,,,"(ซิม AIS ครบเครื่อง (เติมเงิน)), เล่นฟรี Facebook และ Instagram ไม่คิดค่าอินเทอร์เน็ต",รับสิทธิ์นาน 12 เดือน (อินเตอร์เน็ตเดือนละ 2 GB),,2590,,0,,24,,9999,
AIS,โปรโมชั่นมือถือ,VIVO Y12s,"4,299",บาท,-,-,,24 GB,Full Speed,AIS Super Wifi (ไม่จำกัด),50 สต./นาที,50 สต./นาที,,,,,,"(ซิม AIS ครบเครื่อง (เติมเงิน)), เล่นฟรี Facebook และ Instagram ไม่คิดค่าอินเทอร์เน็ต",รับสิทธิ์นาน 12 เดือน (อินเตอร์เน็ตเดือนละ 2 GB),,4299,,0,,24,,9999,
AIS,โปรโมชั่นมือถือ,OPPO A15s,"4,999",บาท,-,-,,24 GB,Full Speed,AIS Super Wifi (ไม่จำกัด),50 สต./นาที,50 สต./นาที,,,,,,"(ซิม AIS ครบเครื่อง (เติมเงิน)), เล่นฟรี Facebook และ Instagram ไม่คิดค่าอินเทอร์เน็ต",รับสิทธิ์นาน 12 เดือน (อินเตอร์เน็ตเดือนละ 2 GB),,4999,,0,,24,,9999,
AIS,โปรโมชั่นมือถือ,Samsung A11,"3,499",บาท,-,-,,24 GB,Full Speed,AIS Super Wifi (ไม่จำกัด),50 สต./นาที,50 สต./นาที,,,,,,"(ซิม AIS ครบเครื่อง (เติมเงิน)), เล่นฟรี Facebook และ Instagram ไม่คิดค่าอินเทอร์เน็ต",รับสิทธิ์นาน 12 เดือน (อินเตอร์เน็ตเดือนละ 2 GB),,3499,,0,,24,,9999,
AIS,โปรโมชั่นมือถือ,OPPO A15,"4,299",บาท,-,-,,24 GB,Full Speed,AIS Super Wifi (ไม่จำกัด),50 สต./นาที,50 สต./นาที,,,,,,"(ซิม AIS ครบเครื่อง (เติมเงิน)), เล่นฟรี Facebook และ Instagram ไม่คิดค่าอินเทอร์เน็ต",รับสิทธิ์นาน 12 เดือน (อินเตอร์เน็ตเดือนละ 2 GB),,4299,,0,,24,,9999,
AIS,โปรโมชั่นมือถือ,OPPO A12,"3,999",บาท,-,-,,24 GB,Full Speed,AIS Super Wifi (ไม่จำกัด),50 สต./นาที,50 สต./นาที,,,,,,"(ซิม AIS ครบเครื่อง (เติมเงิน)), เล่นฟรี Facebook และ Instagram ไม่คิดค่าอินเทอร์เน็ต",รับสิทธิ์นาน 12 เดือน (อินเตอร์เน็ตเดือนละ 2 GB),,3999,,0,,24,,9999,
AIS,โปรโมชั่นมือถือ,OPPO A53,"5,499",บาท,-,-,,24 GB,Full Speed,AIS Super Wifi (ไม่จำกัด),50 สต./นาที,50 สต./นาที,,,,,,"(ซิม AIS ครบเครื่อง (เติมเงิน)), เล่นฟรี Facebook และ Instagram ไม่คิดค่าอินเทอร์เน็ต",รับสิทธิ์นาน 12 เดือน (อินเตอร์เน็ตเดือนละ 2 GB),,5499,,0,,24,,9999,
AIS,โปรโมชั่นมือถือ,VIVO Y20 2021,"4,999",บาท,-,-,,24 GB,Full Speed,AIS Super Wifi (ไม่จำกัด),50 สต./นาที,50 สต./นาที,,,,,,"(ซิม AIS ครบเครื่อง (เติมเงิน)), เล่นฟรี Facebook และ Instagram ไม่คิดค่าอินเทอร์เน็ต",รับสิทธิ์นาน 12 เดือน (อินเตอร์เน็ตเดือนละ 2 GB),,4999,,0,,24,,9999,
AIS,โปรโมชั่นมือถือ,Huawei Y7a,"5,999",บาท,-,-,,24 GB,Full Speed,AIS Super Wifi (ไม่จำกัด),50 สต./นาที,50 สต./นาที,,,,,,"(ซิม AIS ครบเครื่อง (เติมเงิน)), เล่นฟรี Facebook และ Instagram ไม่คิดค่าอินเทอร์เน็ต",รับสิทธิ์นาน 12 เดือน (อินเตอร์เน็ตเดือนละ 2 GB),,5999,,0,,24,,9999,
AIS,โปรโมชั่นมือถือ,Realme C12,"3,999",บาท,-,-,,24 GB,Full Speed,AIS Super Wifi (ไม่จำกัด),50 สต./นาที,50 สต./นาที,,,,,,"(ซิม AIS ครบเครื่อง (เติมเงิน)), เล่นฟรี Facebook และ Instagram ไม่คิดค่าอินเทอร์เน็ต",รับสิทธิ์นาน 12 เดือน (อินเตอร์เน็ตเดือนละ 2 GB),,3999,,0,,24,,9999,
AIS,โปรโมชั่นมือถือ,Realme C11,"3,499",บาท,-,-,,24 GB,Full Speed,AIS Super Wifi (ไม่จำกัด),50 สต./นาที,50 สต./นาที,,,,,,"(ซิม AIS ครบเครื่อง (เติมเงิน)), เล่นฟรี Facebook และ Instagram ไม่คิดค่าอินเทอร์เน็ต",รับสิทธิ์นาน 12 เดือน (อินเตอร์เน็ตเดือนละ 2 GB),,3499,,0,,24,,9999,
AIS,โปรโมชั่นมือถือ,OPPO A31,"5,499",บาท,-,-,,24 GB,Full Speed,AIS Super Wifi (ไม่จำกัด),50 สต./นาที,50 สต./นาที,,,,,,"(ซิม AIS ครบเครื่อง (เติมเงิน)), เล่นฟรี Facebook และ Instagram ไม่คิดค่าอินเทอร์เน็ต",รับสิทธิ์นาน 12 เดือน (อินเตอร์เน็ตเดือนละ 2 GB),,5499,,0,,24,,9999,
AIS,โปรโมชั่นมือถือ,Samsung A01 core (No SL),"2,699",บาท,-,-,,24 GB,Full Speed,AIS Super Wifi (ไม่จำกัด),50 สต./นาที,50 สต./นาที,,,,,,"(ซิม AIS ครบเครื่อง (เติมเงิน)), เล่นฟรี Facebook และ Instagram ไม่คิดค่าอินเทอร์เน็ต",รับสิทธิ์นาน 12 เดือน (อินเตอร์เน็ตเดือนละ 2 GB),,2699,,0,,24,,9999,
AIS,โปรโมชั่นมือถือ,Realme C3,"3,999",บาท,-,-,,24 GB,Full Speed,AIS Super Wifi (ไม่จำกัด),50 สต./นาที,50 สต./นาที,,,,,,"(ซิม AIS ครบเครื่อง (เติมเงิน)), เล่นฟรี Facebook และ Instagram ไม่คิดค่าอินเทอร์เน็ต",รับสิทธิ์นาน 12 เดือน (อินเตอร์เน็ตเดือนละ 2 GB),,3999,,0,,24,,9999,
AIS,โปรโมชั่นมือถือ,VIVO Y11,"3,999",บาท,-,-,,24 GB,Full Speed,AIS Super Wifi (ไม่จำกัด),50 สต./นาที,50 สต./นาที,,,,,,"(ซิม AIS ครบเครื่อง (เติมเงิน)), เล่นฟรี Facebook และ Instagram ไม่คิดค่าอินเทอร์เน็ต",รับสิทธิ์นาน 12 เดือน (อินเตอร์เน็ตเดือนละ 2 GB),,3999,,0,,24,,9999,
DTAC,รายเดือน,dtac GO 2199 เน็ตไม่อั้น ไม่ลดสปีด,"2,199",บาท/เดือน,ไม่จำกัด,ไม่จำกัด,,ไม่จำกัด,100 Mbps,Dtac Wifi (ไม่จำกัด),-,1.5 บ./นาที,-,-,-,2.5 บ./ข้อความ,4.5 บ./ข้อความ,"พิเศษ รับสิทธิ์เป็น Platinum Blue Member,  รับสิทธิ์ใช้งานอินเทอร์เน็ตฟรี สำหรับ ทุกทวีปทั่วโลก 5GB/เดือน",-,5G,2199,,9999,,9999,,100,
DTAC,รายเดือน,dtac GO 1999 เน็ตไม่อั้น ไม่ลดสปีด,"1,999",บาท/เดือน,"2,500 นาที ","2,500 นาที ",(ทุกเครือข่าย),ไม่จำกัด,100 Mbps,Dtac Wifi (ไม่จำกัด),1.5 บ./นาที,1.5 บ./นาที,-,-,-,2.5 บ./ข้อความ,4.5 บ./ข้อความ,"พิเศษ รับสิทธิ์เป็น Platinum Blue Member,  รับสิทธิ์ใช้งานอินเทอร์เน็ตฟรี สำหรับ ทุกทวีปทั่วโลก 5GB/เดือน",-,5G,1999,,2500,,9999,,100,
DTAC,รายเดือน,dtac GO 1499 เน็ตไม่อั้น ไม่ลดสปีด,"1,499",บาท/เดือน,"1,200 นาที ","1,200 นาที ",(ทุกเครือข่าย),ไม่จำกัด,100 Mbps,Dtac Wifi (ไม่จำกัด),1.5 บ./นาที,1.5 บ./นาที,-,-,-,2.5 บ./ข้อความ,4.5 บ./ข้อความ,"พิเศษ รับสิทธิ์เป็น Platinum Blue Member,  รับสิทธิ์ใช้งานอินเทอร์เน็ตฟรี สำหรับ ทุกทวีปทั่วโลก 5GB/เดือน",-,5G,1499,,1200,,9999,,100,
DTAC,รายเดือน,dtac GO 1099 เน็ตไม่อั้น ไม่ลดสปีด,"1,099",บาท/เดือน,700 นาที ,700 นาที ,(ทุกเครือข่าย),ไม่จำกัด,100 Mbps,Dtac Wifi (ไม่จำกัด),1.5 บ./นาที,1.5 บ./นาที,-,-,-,2.5 บ./ข้อความ,4.5 บ./ข้อความ,"พิเศษ รับสิทธิ์เป็น Gold Member,  รับสิทธิ์ใช้งานอินเทอร์เน็ตฟรี สำหรับประเทศในโซนเอเชีย ออสเตรเลีย และอเมริกา 5GB/เดือน",-,5G,1099,,700,,9999,,100,
DTAC,รายเดือน,dtac GO 899,899,บาท/เดือน,400 นาที ,400 นาที ,(ทุกเครือข่าย),30 GB,100 Mbps,Dtac Wifi (ไม่จำกัด),1.5 บ./นาที,1.5 บ./นาที,-,-,-,2.5 บ./ข้อความ,4.5 บ./ข้อความ,ฟรีเน็ต 5GB ในเอเชีย ออสเตรเลีย อเมริกา,หลังจากใช้งาน Internet ครบตามปริมาณที่กำหนด สามารถเล่นเน็ตได้ต่อเนื่อง ความเร็วสูงสุด 384 Kbps,5G,899,,400,,30,,100,
DTAC,รายเดือน,dtac GO 699,699,บาท/เดือน,300 นาที ,300 นาที ,(ทุกเครือข่าย),20 GB,100 Mbps,Dtac Wifi (ไม่จำกัด),1.5 บ./นาที,1.5 บ./นาที,-,-,-,2.5 บ./ข้อความ,4.5 บ./ข้อความ,ฟรีเน็ต 5GB ในประเทศเพื่อนบ้าน,หลังจากใช้งาน Internet ครบตามปริมาณที่กำหนด สามารถเล่นเน็ตได้ต่อเนื่อง ความเร็วสูงสุด 384 Kbps,5G,699,,300,,20,,100,
DTAC,รายเดือน,dtac GO 599,599,บาท/เดือน,300 นาที ,300 นาที ,(ทุกเครือข่าย),16 GB,100 Mbps,Dtac Wifi (ไม่จำกัด),1.5 บ./นาที,1.5 บ./นาที,-,-,-,2.5 บ./ข้อความ,4.5 บ./ข้อความ,ฟรีเน็ต 5GB ในประเทศเพื่อนบ้าน,หลังจากใช้งาน Internet ครบตามปริมาณที่กำหนด สามารถเล่นเน็ตได้ต่อเนื่อง ความเร็วสูงสุด 384 Kbps,5G,599,,300,,16,,100,
DTAC,รายเดือน,dtac GO 499,499,บาท/เดือน,200 นาที ,200 นาที ,(ทุกเครือข่าย),10 GB,100 Mbps,Dtac Wifi (ไม่จำกัด),1.5 บ./นาที,1.5 บ./นาที,-,-,-,2.5 บ./ข้อความ,4.5 บ./ข้อความ,ฟรีเน็ต 5GB ในประเทศเพื่อนบ้าน,หลังจากใช้งาน Internet ครบตามปริมาณที่กำหนด สามารถเล่นเน็ตได้ต่อเนื่อง ความเร็วสูงสุด 384 Kbps,5G,499,,200,,10,,100,
DTAC,รายเดือน,dtac GO 399,399,บาท/เดือน,150 นาที ,150 นาที ,(ทุกเครือข่าย),5 GB,100 Mbps,Dtac Wifi (ไม่จำกัด),1.5 บ./นาที,1.5 บ./นาที,-,-,-,2.5 บ./ข้อความ,4.5 บ./ข้อความ,-,หลังจากใช้งาน Internet ครบตามปริมาณที่กำหนด สามารถเล่นเน็ตได้ต่อเนื่อง ความเร็วสูงสุด 384 Kbps,5G,399,,151,,5,,100,
DTAC,รายเดือน,Tablet Net Non-Stop 899,899,บาท/เดือน,-,-,,ไม่จำกัด,100 Mbps,Dtac Wifi (ไม่จำกัด),1.5 บ./นาที,1.5 บ./นาที,-,-,-,-,-,-,"หลังจากใช้งาน Internet ครบตามปริมาณที่กำหนด สามารถเล่นเน็ตได้ต่อเนื่อง ความเร็วสูงสุด 384 Kbps, แพ็กเน็ตสำหรับแท็บเล็ต ",5G,899,,0,,9999,,100,
DTAC,รายเดือน,Tablet Net Non-Stop 699,699,บาท/เดือน,-,-,,35 GB,100 Mbps,Dtac Wifi (ไม่จำกัด),1.5 บ./นาที,1.5 บ./นาที,-,-,-,-,-,-,"หลังจากใช้งาน Internet ครบตามปริมาณที่กำหนด สามารถเล่นเน็ตได้ต่อเนื่อง ความเร็วสูงสุด 384 Kbps, แพ็กเน็ตสำหรับแท็บเล็ต ",5G,699,,0,,35,,100,
DTAC,รายเดือน,Tablet Net Non-Stop 599,599,บาท/เดือน,-,-,,20 GB,100 Mbps,Dtac Wifi (ไม่จำกัด),1.5 บ./นาที,1.5 บ./นาที,-,-,-,-,-,-,"หลังจากใช้งาน Internet ครบตามปริมาณที่กำหนด สามารถเล่นเน็ตได้ต่อเนื่อง ความเร็วสูงสุด 384 Kbps, แพ็กเน็ตสำหรับแท็บเล็ต ",5G,599,,0,,20,,100,
DTAC,รายเดือน,Tablet Net Non-Stop 399,399,บาท/เดือน,-,-,,10 GB,100 Mbps,Dtac Wifi (ไม่จำกัด),1.5 บ./นาที,1.5 บ./นาที,-,-,-,-,-,-,"หลังจากใช้งาน Internet ครบตามปริมาณที่กำหนด สามารถเล่นเน็ตได้ต่อเนื่อง ความเร็วสูงสุด 384 Kbps, แพ็กเน็ตสำหรับแท็บเล็ต ",5G,399,,0,,10,,100,
DTAC,เติมเงิน,ซิมคงกระพัน 10 Mbps นาน 12 เดือน,"1,600",บาท,-,-,,-,-,-,0.99 บ./นาที,0.99 บ./นาที,1.99 บ./MB,-,-, 3 บ./ข้อความ ,-,"ประกันโควิด นาน 30 วัน,เน็ตไม่อั้นไม่ลดสปีด 10 Mbps นาน 12 เดือน, โทรฟรีเบอร์ดีแทค 12 เดือน (ไม่เกิน15นาที/ครั้ง)",-,5G,1600,,0,,0,,0,
DTAC,เติมเงิน,ซิมคงกระพัน 10 Mbps นาน 6 เดือน,950,บาท,-,-,,-,-,-,0.99 บ./นาที,0.99 บ./นาที,1.99 บ./MB,-,-, 3 บ./ข้อความ ,-,"ประกันโควิด นาน 30 วัน, เน็ตไม่อั้นไม่ลดสปีด 10 Mbps นาน 6 เดือน",-,5G,950,,0,,0,,0,
DTAC,เติมเงิน,ซิมคงกระพัน 10 Mbps นาน 3 เดือน,540,บาท,-,-,,-,-,-,0.99 บ./นาที,0.99 บ./นาที,1.99 บ./MB,-,-, 3 บ./ข้อความ ,-,"ประกันโควิด นาน 30 วัน, เน็ตไม่อั้นไม่ลดสปีด 10 Mbps นาน 3 เดือน",-,5G,540,,0,,0,,0,
DTAC,เติมเงิน,ซิมคงกระพัน 4 Mbps นาน 12 เดือน,"1,350",บาท,-,-,,-,-,-,0.99 บ./นาที,0.99 บ./นาที,1.99 บ./MB,-,-, 3 บ./ข้อความ ,-,"ประกันโควิด นาน 30 วัน,เน็ตไม่อั้นไม่ลดสปีด 4 Mbps นาน 12 เดือน, โทรฟรีเบอร์ดีแทค 12 เดือน (ไม่เกิน15นาที/ครั้ง)",-,5G,1350,,0,,0,,0,
DTAC,เติมเงิน,ซิมคงกระพัน 4 Mbps นาน 6 เดือน,850,บาท,-,-,,-,-,-,0.99 บ./นาที,0.99 บ./นาที,1.99 บ./MB,-,-, 3 บ./ข้อความ ,-,"ประกันโควิด นาน 30 วัน, เน็ตไม่อั้นไม่ลดสปีด 4 Mbps นาน 6 เดือน",-,5G,850,,0,,0,,0,
DTAC,เติมเงิน,ซิมคงกระพัน 4 Mbps นาน 3 เดือน,450,บาท,-,-,,-,-,-,0.99 บ./นาที,0.99 บ./นาที,1.99 บ./MB,-,-, 3 บ./ข้อความ ,-,"ประกันโควิด นาน 30 วัน, เน็ตไม่อั้นไม่ลดสปีด 4 Mbps นาน 3 เดือน",-,5G,450,,0,,0,,0,
DTAC,เติมเงิน,ซิม Happy Net,49,บาท,-,-,,-,-,-,0.99 บ./นาที,0.99 บ./นาที,0.99 บ./MB,-,-, 3 บ./ข้อความ , 3 บ./ข้อความ ,"อินเทอร์เน็ตสำหรับใช้งานเฟซบุค ไลน์ อินสตาแกรม แมสเสนเจอร์ และทวิตเตอร์ ความเร็วสูงสุด 4 Mbps ไม่จำกัด นาน 7 วัน/สิทธิ์ สูงสุด 4 สิทธิ์/เดือน นาน 12 เดือน, อินเทอร์เน็ตสำหรับใช้งานยูทูป ความเร็วเต็มสปีด ฟรีครั้งละ 500 MB นาน 7 วัน/สิทธิ์ สูงสุด 4 สิทธิ์/เดือน นาน 12 เดือน",-,5G,49,,0,,0,,0,
DTAC,เติมเงิน,ซิม Happy Call,49,บาท,-,-,,-,-,-,0.69 บ./นาที,0.69 บ./นาที,1.99 บ./MB,-,-, 3 บ./ข้อความ , 3 บ./ข้อความ ,"อินเทอร์เน็ตสำหรับใช้งานแอปพลิเคชั่นไลน์ ไม่จำกัด ความเร็วสูงสุด 64 Kbps นาน 7 วัน/สิทธิ์ สูงสุด 4 สิทธิ์/เดือน นาน 12 เดือน, อินเทอร์เน็ตพื้นฐาน ความเร็ว 16 Kbps ไม่จำกัด นาน 30 วัน สูงสุดนาน 12 เดือน",-,5G,49,,0,,0,,0,
DTAC,เติมเงิน,ซิม Happy คอมโบ,199,บาท,-,-,,-,-,-,0.99 บ./นาที,0.99 บ./นาที,1.99 บ./MB,-,-, 3 บ./ข้อความ , 3 บ./ข้อความ ," อินเทอร์เน็ตสำหรับใช้งาน ไม่อั้นไม่ลดสปีด ความเร็วสูงสุด 2Mbps,  โทรฟรีเบอร์ดีแทคตลอด 24 ชั่วโมง สูงสุดครั้งละ 15 นาที ระยะเวลาใช้งาน 30 วัน ",ต่ออายุอัตโนมัติ ใช้งานได้ 30 วัน จนครบ 12 รอบ,5G,199,,0,,0,,0,
DTAC,เติมเงิน,ซิม Happy คอมโบ,99,บาท,-,-,,-,-,-,0.99 บ./นาที,0.99 บ./นาที,1.99 บ./MB,-,-, 3 บ./ข้อความ , 3 บ./ข้อความ ," อินเทอร์เน็ตสำหรับใช้งาน ไม่อั้นไม่ลดสปีด ความเร็วสูงสุด 2Mbps,  โทรฟรีเบอร์ดีแทคตลอด 24 ชั่วโมง สูงสุดครั้งละ 15 นาที ระยะเวลาใช้งาน 7 วัน ",ต่ออายุอัตโนมัติ ใช้งานได้ 7 วัน จนครบ 52 รอบ,5G,99,,0,,0,,0,
DTAC,เติมเงิน,ซิม Happy คอมโบ,49,บาท,-,-,,-,-,-,0.99 บ./นาที,0.99 บ./นาที,1.99 บ./MB,-,-, 3 บ./ข้อความ , 3 บ./ข้อความ ," อินเทอร์เน็ตสำหรับใช้งาน ไม่อั้นไม่ลดสปีด ความเร็วสูงสุด 2Mbps,  โทรฟรีเบอร์ดีแทคตลอด 24 ชั่วโมง สูงสุดครั้งละ 15 นาที ระยะเวลาใช้งาน 3 วัน ",ต่ออายุอัตโนมัติ ใช้งานได้ 7 วัน จนครบ 52 รอบ,5G,49,,0,,0,,0,
DTAC,เติมเงิน,ซิม Go เพลิน,49,บาท,-,-,,-,-,-,0.69 บ./นาที,0.69 บ./นาที,-,-,-, 3 บ./ข้อความ , 3 บ./ข้อความ ,"ฟรีอินเทอร์เน็ตป้องกันเน็ตรั่วต่อเนื่องนาน 12 เดือน โดยผู้ใช้บริการจะต้องมีจำนวนเงินคงเหลือในระบบมากกว่า 0 บาทและวันใช้งานคงเหลืออย่างน้อย 1 วัน, รับโบนัสฟรี 15 บาท",-,5G,49,,0,,0,,0,
DTAC,เติมเงิน,ซิม Super 4G,49,บาท,-,-,,-,-,-,1.5 สต./วินาที(นาทีแรก 99 สต.),1.5 สต./วินาที(นาทีแรก 99 สต.),1.99 บ./MB,-,-, 3 บ./ข้อความ , 3 บ./ข้อความ ,"สิทธิ์ดู YouTube ฟรี ตั้งแต่เที่ยงคืนถึงแปดโมงเช้า นาน 30 วัน สูงสุด 12 เดือน
                             ","เดือนที่ 1 ดูฟรี, เดือนที่ 2 - 12 ต้องเติมเงินสะสมครบ 150 บ./เดือน",5G,49,,0,,0,,0,
DTAC,เติมเงิน,ซิมเน็ตซิ่ง x2,25,บาท,-,-,,-,-,-,0.89 บ./นาที,0.89 บ./นาที,1.99 บ./MB,-,-, 3 บ./ข้อความ , 3 บ./ข้อความ ,ฟรีอินเทอร์เน็ตความเร็ว 2Mbps เมื่อเติมเงินภายใน 15 วันนับจากวันแรกที่เปิดใช้งาน โดยสามารถใช้งานได้ถึงเที่ยงคืน,"รับสิทธิ์สมัครโปรเสริมอินเทอร์เน็ตไม่อั้นไม่ลดสปีด โดยจะได้รับความเร็วอินเทอร์เน็ตของโปรเสริมเพิ่มเป็น 2 เท่า จาก 1Mbps เป็น 2Mbps นับตั้งแต่วันเปิดใช้งานซิมการ์ด โดยจะต้องสมัครโปรเสริม 2 แพ๊กเกจที่กำหนด (100 บ./7 วัน,300 บ./30 วัน)",5G,25,,0,,0,,0,
DTAC,เติมเงิน,ซิมของขวัญ, - ,บาท,-,-,,-,-,-,1.5 สต./วินาที(นาทีแรก 99 สต.),1.5 สต./วินาที(นาทีแรก 99 สต.),1.99 บ./MB,-,-, 3 บ./ข้อความ , 3 บ./ข้อความ ,"ฟรี อินเทอร์เน็ต 500MB นาน 3 วัน เมื่อเติมเงิน 20 บาท ภายในวันที่เปิดใช้งาน, ฟรี อินเทอร์เน็ต 1GB นาน 7 วัน เมื่อเติมเงินสะสมครบ 100 บาทต่อเดือน รับสิทธิ์สูงสุด 1 ครั้งต่อเดือนต่อเลขหมาย ใช้สิทธิ์ได้นาน 18 เดือน (รวมสูงสุด 18GB) นับตั้งแต่วันที่เปิดใช้งาน",ซิมของขวัญ สำหรับผู้เปิดใช้บริการโทรศัพท์เคลื่อนที่แบบเติมเงินใหม่จากดีแทคประเภทบุคคลธรรมดา ,5G,-,,0,,0,,0,
DTAC,แพ็กเกจเสริม,Internet Booster 50 GB นาน 30 วัน,349,บาท,-,-,,50 GB,Full Speed,-,-,-,-,-,-,-,-,-,ใช้ได้นาน 30 วัน,5G,349,,0,,50,,9999,
DTAC,แพ็กเกจเสริม,Internet Booster 35 GB นาน 15 วัน,299,บาท,-,-,,35 GB,Full Speed,-,-,-,-,-,-,-,-,-,ใช้ได้นาน 15 วัน,5G,299,,0,,35,,9999,
DTAC,แพ็กเกจเสริม,Internet Booster 30 GB นาน 15 วัน,279,บาท,-,-,,30 GB,Full Speed,-,-,-,-,-,-,-,-,-,ใช้ได้นาน 15 วัน,5G,279,,0,,30,,9999,
DTAC,แพ็กเกจเสริม,Internet Booster 25 GB นาน 15 วัน,239,บาท,-,-,,25 GB,Full Speed,-,-,-,-,-,-,-,-,-,ใช้ได้นาน 15 วัน,5G,239,,0,,25,,9999,
DTAC,แพ็กเกจเสริม,Internet Booster 20 GB นาน 15 วัน,199,บาท,-,-,,20 GB,Full Speed,-,-,-,-,-,-,-,-,-,ใช้ได้นาน 15 วัน,5G,199,,0,,20,,9999,
DTAC,แพ็กเกจเสริม,Internet Booster 15 GB นาน 15 วัน,179,บาท,-,-,,15 GB,Full Speed,-,-,-,-,-,-,-,-,-,ใช้ได้นาน 15 วัน,5G,179,,0,,15,,9999,
DTAC,แพ็กเกจเสริม,Internet Booster 10 GB นาน 30 วัน,199,บาท,-,-,,10 GB,Full Speed,-,-,-,-,-,-,-,-,-,ใช้ได้นาน 30 วัน,5G,199,,0,,10,,9999,
DTAC,แพ็กเกจเสริม,Internet Booster 10 GB นาน 15 วัน,179,บาท,-,-,,10 GB,Full Speed,-,-,-,-,-,-,-,-,-,ใช้ได้นาน 15 วัน,5G,179,,0,,10,,9999,
DTAC,แพ็กเกจเสริม,Internet Booster 10 GB นาน 10 วัน,119,บาท,-,-,,10 GB,Full Speed,-,-,-,-,-,-,-,-,-,ใช้ได้นาน 10 วัน,5G,119,,0,,10,,9999,
DTAC,แพ็กเกจเสริม,Internet Booster 8 GB นาน 7 วัน,149,บาท,-,-,,8 GB,Full Speed,-,-,-,-,-,-,-,-,-,ใช้ได้นาน 7 วัน,5G,149,,0,,8,,9999,
DTAC,แพ็กเกจเสริม,Internet Booster 4 GB นาน 30 วัน,99,บาท,-,-,,4 GB,Full Speed,-,-,-,-,-,-,-,-,-,ใช้ได้นาน 30 วัน,5G,99,,0,,4,,9999,
DTAC,แพ็กเกจเสริม,Internet Booster 4 GB นาน 15 วัน,99,บาท,-,-,,4 GB,Full Speed,-,-,-,-,-,-,-,-,-,ใช้ได้นาน 15 วัน,5G,99,,0,,4,,9999,
DTAC,แพ็กเกจเสริม,Internet Booster 3 GB นาน 7 วัน,79,บาท,-,-,,3 GB,Full Speed,-,-,-,-,-,-,-,-,-,ใช้ได้นาน 7 วัน,5G,79,,0,,3,,9999,
DTAC,แพ็กเกจเสริม,Internet Booster 3 GB นาน 1 วัน,49,บาท,-,-,,3 GB,Full Speed,-,-,-,-,-,-,-,-,-,ใช้ได้นาน 1 วัน,5G,49,,0,,3,,9999,
DTAC,แพ็กเกจเสริม,Internet Booster 12 GB ต่อเดือน ต่ออายุอัตโนมัติ,199,บาท,-,-,,12 GB,Full Speed,-,-,-,-,-,-,-,-,-,ใช้ได้นาน 30 วัน ต่ออายุอัตโนมัติ,5G,199,,0,,12,,9999,
DTAC,แพ็กเกจเสริม,Internet Booster 8 GB ต่อเดือน ต่ออายุอัตโนมัติ,149,บาท,-,-,,8 GB,Full Speed,-,-,-,-,-,-,-,-,-,ใช้ได้นาน 30 วัน ต่ออายุอัตโนมัติ,5G,149,,0,,8,,9999,
DTAC,แพ็กเกจเสริม,Internet Booster 5 GB ต่อเดือน ต่ออายุอัตโนมัติ,99,บาท,-,-,,5 GB,Full Speed,-,-,-,-,-,-,-,-,-,ใช้ได้นาน 30 วัน ต่ออายุอัตโนมัติ,5G,99,,0,,5,,9999,
DTAC,แพ็กเกจเสริม,Internet Max speed ULM นาน 7 วัน,199,บาท,-,-,,3 GB,Full Speed,-,-,-,-,-,-,-,-,-,ใช้ได้นาน 7 วัน,5G,199,,0,,3,,9999,
DTAC,แพ็กเกจเสริม,Internet Max speed ULM นาน 3 วัน,99,บาท,-,-,,ไม่จำกัด,Full Speed,-,-,-,-,-,-,-,-,-,ใช้ได้นาน 3 วัน,5G,99,,0,,9999,,9999,
DTAC,แพ็กเกจเสริม,Internet Max speed ULM นาน 1 วัน,59,บาท,-,-,,ไม่จำกัด,Full Speed,-,-,-,-,-,-,-,-,-,ใช้ได้นาน 1 วัน,5G,59,,0,,9999,,9999,
DTAC,แพ็กเกจเสริม,Internet Booster 10 Mbps นาน 7 วัน,149,บาท,-,-,,ไม่จำกัด,10 Mbps,-,-,-,-,-,-,-,-,-,ใช้ได้นาน 7 วัน,5G,149,,0,,9999,,10,
DTAC,แพ็กเกจเสริม,Internet Booster 10 Mbps นาน 1 วัน,49,บาท,-,-,,ไม่จำกัด,10 Mbps,-,-,-,-,-,-,-,-,-,ใช้ได้นาน 1 วัน,5G,49,,0,,9999,,10,
DTAC,แพ็กเกจเสริม,Internet Booster 6 Mbps นาน 7 วัน,99,บาท,-,-,,ไม่จำกัด,6 Mbps,-,-,-,-,-,-,-,-,-,ใช้ได้นาน 7 วัน,5G,99,,0,,9999,,6,
DTAC,แพ็กเกจเสริม,Internet Booster 6 Mbps นาน 1 วัน,39,บาท,-,-,,ไม่จำกัด,6 Mbps,-,-,-,-,-,-,-,-,-,ใช้ได้นาน 1 วัน,5G,39,,0,,9999,,6,
DTAC,แพ็กเกจเสริม,โซเชียล ความเร็วสูงสุด ไม่อั้น นาน 30 วัน,199,บาท,-,-,,ไม่จำกัด,Full Speed,-,-,-,-,-,-,-,-,"ใช้เน็ตฟรีบนแอป YouTube, Facebook, Line(ไม่รวมการใช้งาน Line Call/Line VDO), Twitter, Freefire ที่ความเร็วสูงสุด ไม่จำกัด",ใช้ได้นาน 30 วัน,5G,199,,0,,9999,,9999,
DTAC,แพ็กเกจเสริม,เล่น 5 เกม ไม่อั้น นาน 7 วัน ฟรีไอเทมเกม Free Fire,49,บาท,-,-,,ไม่จำกัด,Full Speed,-,-,-,-,-,-,-,-,"ใช้เน็ตไม่จำกัดบนแอปเกม Free Fire, ROV, PUBG, Speed Drifter, Call of Duty ที่ความเร็วสูงสุด,ฟรีไอเทมเกม Free Fire กล่อง AK มังกรฟ้า 2 กล่อง",ใช้ได้นาน 7 วัน,5G,49,,0,,9999,,9999,
DTAC,แพ็กเกจเสริม,เน็ตโนลิมิต : เน็ตไม่อั้นไม่ลดความเร็ว 10 Mbps,59,บาท,-,-,,ไม่จำกัด,10 Mbps,-,-,-,-,-,-,-,-,-,ใช้ได้นาน 1 วัน,5G,58.85,,0,,9999,,10,
DTAC,แพ็กเกจเสริม,เน็ตโนลิมิต : เน็ตไม่อั้นไม่ลดความเร็ว 4 Mbps,235,บาท,-,-,,ไม่จำกัด,4 Mbps,-,-,-,-,-,-,-,-,-,ใช้ได้นาน 7 วัน,5G,235.4,,0,,9999,,4,
DTAC,แพ็กเกจเสริม,เน็ตโนลิมิต : ไม่อั้นไม่ลดความเร็ว 4 Mbps,34,บาท,-,-,,ไม่จำกัด,4 Mbps,-,-,-,-,-,-,-,-,-,ใช้ได้นาน 1 วัน,5G,34.24,,0,,9999,,4,
DTAC,แพ็กเกจเสริม,เน็ตโนลิมิต : ไม่อั้นไม่ลดความเร็ว 2 Mbps,374,บาท,-,-,,ไม่จำกัด,2 Mbps,-,-,-,-,-,-,-,-,-,"ใช้ได้นาน 30 วัน, ต่ออายุอัตโนมัติ",5G,374.4,,0,,9999,,2,
DTAC,แพ็กเกจเสริม,เน็ตโนลิมิต : ไม่อั้นไม่ลดความเร็ว 2 Mbps,128,บาท,-,-,,ไม่จำกัด,2 Mbps,-,-,-,-,-,-,-,-,-,"ใช้ได้นาน 7 วัน, ต่ออายุอัตโนมัติ",5G,128.4,,0,,9999,,2,
DTAC,แพ็กเกจเสริม,เน็ตโนลิมิต : เน็ตไม่อั้นไม่ลดความเร็ว 1 Mbps,31,บาท,-,-,,ไม่จำกัด,1 Mbps,-,-,-,-,-,-,-,-,-,ใช้ได้นาน 1 วัน,5G,31.03,,0,,9999,,1,
DTAC,แพ็กเกจเสริม,Go โนลิมิต : เน็ตไม่อั้นไม่ลดความเร็ว 4 Mbps + โทรฟรี,696,บาท,ไม่จำกัด,-,,ไม่จำกัด,4 Mbps,-,-,99 สต./นาที,-,-,-,-,-,-,"ใช้ได้นาน 30 วัน, ต่ออายุอัตโนมัติ",5G,695.5,,0,,9999,,4,
DTAC,แพ็กเกจเสริม,Go โนลิมิต : เน็ตไม่อั้นไม่ลดความเร็ว 2 Mbps + โทรฟรี,500,บาท,ไม่จำกัด,-,,ไม่จำกัด,2 Mbps,-,-,99 สต./นาที,-,-,-,-,-,-,"ใช้ได้นาน 30 วัน, ต่ออายุอัตโนมัติ",5G,500,,0,,9999,,2,
DTAC,แพ็กเกจเสริม,Go โนลิมิต : เน็ตไม่อั้นไม่ลดความเร็ว 512 Kbps + โทรฟรี,395,บาท,ไม่จำกัด,-,,ไม่จำกัด,512 Kbps,-,-,99 สต./นาที,-,-,-,-,-,-,"ใช้ได้นาน 30 วัน, ต่ออายุอัตโนมัติ",5G,394.83,,0,,9999,,0.512,
DTAC,แพ็กเกจเสริม,Go โนลิมิต : เน็ตไม่อั้นไม่ลดความเร็ว 10 Mbps + โทรฟรี,375,บาท,ไม่จำกัด,-,,ไม่จำกัด,10 Mbps,-,-,99 สต./นาที,-,-,-,-,-,-,"ใช้ได้นาน 7 วัน, ต่ออายุอัตโนมัติ",5G,374.5,,0,,9999,,10,
DTAC,แพ็กเกจเสริม,Go โนลิมิต : เน็ตไม่อั้นไม่ลดความเร็ว 4 Mbps + โทรฟรี,245,บาท,ไม่จำกัด,-,,ไม่จำกัด,4 Mbps,-,-,99 สต./นาที,-,-,-,-,-,-,"ใช้ได้นาน 7 วัน, ต่ออายุอัตโนมัติ",5G,245.03,,0,,9999,,4,
DTAC,แพ็กเกจเสริม,Go โนลิมิต : เน็ตไม่อั้นไม่ลดความเร็ว 2 Mbps + โทรฟรี,138,บาท,ไม่จำกัด,-,,ไม่จำกัด,2 Mbps,-,-,99 สต./นาที,-,-,-,-,-,-,"ใช้ได้นาน 7 วัน, ต่ออายุอัตโนมัติ",5G,138.03,,0,,9999,,2,
DTAC,แพ็กเกจเสริม,Go โนลิมิต : เน็ตไม่อั้นไม่ลดความเร็ว 512 Kbps + โทรฟรี,100,บาท,ไม่จำกัด,-,,ไม่จำกัด,512 Kbps,-,-,99 สต./นาที,-,-,-,-,-,-,"ใช้ได้นาน 7 วัน, ต่ออายุอัตโนมัติ",5G,100,,0,,9999,,0.512,
DTAC,แพ็กเกจเสริม,Go โนลิมิต : เน็ตไม่อั้นไม่ลดความเร็ว 10 Mbps + โทรฟรี,63,บาท,ไม่จำกัด,-,,ไม่จำกัด,10 Mbps,-,-,99 สต./นาที,-,-,-,-,-,-,"ใช้ได้นาน 1 วัน, ต่ออายุอัตโนมัติ",5G,63.13,,0,,9999,,10,
DTAC,แพ็กเกจเสริม,Go โนลิมิต : เน็ตไม่อั้นไม่ลดความเร็ว 4 Mbps + โทรฟรี,42,บาท,ไม่จำกัด,-,,ไม่จำกัด,4 Mbps,-,-,99 สต./นาที,-,-,-,-,-,-,"ใช้ได้นาน 1 วัน, ต่ออายุอัตโนมัติ",5G,41.73,,0,,9999,,4,
DTAC,แพ็กเกจเสริม,Go โนลิมิต : เน็ตไม่อั้นไม่ลดความเร็ว 2 Mbps + โทรฟรี,37,บาท,ไม่จำกัด,-,,ไม่จำกัด,2 Mbps,-,-,99 สต./นาที,-,-,-,-,-,-,"ใช้ได้นาน 1 วัน, ต่ออายุอัตโนมัติ",5G,37.45,,0,,9999,,2,
DTAC,แพ็กเกจเสริม,Go โนลิมิต : เน็ตไม่อั้นไม่ลดความเร็ว 512 Kbps + โทรฟรี,31,บาท,ไม่จำกัด,-,,ไม่จำกัด,512 Kbps,-,-,99 สต./นาที,-,-,-,-,-,-,"ใช้ได้นาน 1 วัน, ต่ออายุอัตโนมัติ",5G,31.03,,0,,9999,,0.512,
DTAC,แพ็กเกจเสริม,โทรฟรีทุกเครือข่าย 480 นาทีต่อเดือน,299,บาท,480 นาที ,480 นาที ,(ทุกเครือข่าย),-,-,-,-,-,-,-,-,-,-,-,ใช้ได้นาน 30 วัน,5G,299,,480,,0,,0,
DTAC,แพ็กเกจเสริม,โทรฟรีทุกเครือข่าย 240 นาทีต่อเดือน,199,บาท,240 นาที ,240 นาที ,(ทุกเครือข่าย),-,-,-,-,-,-,-,-,-,-,-,ใช้ได้นาน 30 วัน,5G,199,,240,,0,,0,
DTAC,แพ็กเกจเสริม,โทรฟรีทุกเครือข่าย 115 นาทีต่อเดือน,100,บาท,115 นาที ,115 นาที ,(ทุกเครือข่าย),-,-,-,-,-,-,-,-,-,-,-,ใช้ได้นาน 30 วัน,5G,100,,115,,0,,0,
DTAC,แพ็กเกจเสริม,โทรฟรีทุกเครือข่าย 450 นาที นาน 30 วัน,319,บาท,450 นาที ,450 นาที ,(ทุกเครือข่าย),-,-,-,-,-,-,-,-,-,-,-,ใช้ได้นาน 30 วัน,5G,319,,450,,0,,0,
DTAC,แพ็กเกจเสริม,โทรฟรีทุกเครือข่าย 300 นาที นาน 30 วัน,249,บาท,300 นาที ,300 นาที ,(ทุกเครือข่าย),-,-,-,-,-,-,-,-,-,-,-,ใช้ได้นาน 30 วัน,5G,249,,300,,0,,0,
DTAC,แพ็กเกจเสริม,โทรฟรีทุกเครือข่าย 200 นาที นาน 30 วัน,199,บาท,200 นาที ,200 นาที ,(ทุกเครือข่าย),-,-,-,-,-,-,-,-,-,-,-,ใช้ได้นาน 30 วัน,5G,199,,200,,0,,0,
DTAC,แพ็กเกจเสริม,โทรฟรีทุกเครือข่าย 100 นาที นาน 30 วัน,109,บาท,100 นาที ,100 นาที ,(ทุกเครือข่าย),-,-,-,-,-,-,-,-,-,-,-,ใช้ได้นาน 30 วัน,5G,109,,100,,0,,0,
DTAC,แพ็กเกจเสริม,โทรฟรีทุกเครือข่าย 220 นาที นาน 15 วัน,199,บาท,220 นาที ,220 นาที ,(ทุกเครือข่าย),-,-,-,-,-,-,-,-,-,-,-,ใช้ได้นาน 15 วัน,5G,199,,220,,0,,0,
DTAC,แพ็กเกจเสริม,โทรฟรีทุกเครือข่าย 100 นาที นาน 15 วัน,99,บาท,100 นาที ,100 นาที ,(ทุกเครือข่าย),-,-,-,-,-,-,-,-,-,-,-,ใช้ได้นาน 15 วัน,5G,99,,100,,0,,0,
DTAC,แพ็กเกจเสริม,โทรฟรีทุกเครือข่าย 60 นาที นาน 5 วัน,79,บาท,60 นาที ,60 นาที ,(ทุกเครือข่าย),-,-,-,-,-,-,-,-,-,-,-,ใช้ได้นาน 5 วัน,5G,79,,60,,0,,0,
DTAC,แพ็กเกจเสริม,โทรฟรีทุกเครือข่าย 35 นาที นาน 5 วัน,49,บาท,35 นาที ,35 นาที ,(ทุกเครือข่าย),-,-,-,-,-,-,-,-,-,-,-,ใช้ได้นาน 5 วัน,5G,49,,35,,0,,0,
DTAC,แพ็กเกจเสริม,โทรฟรีทุกเครือข่าย 20 นาที นาน 3 วัน,29,บาท,20 นาที ,20 นาที ,(ทุกเครือข่าย),-,-,-,-,-,-,-,-,-,-,-,ใช้ได้นาน 3 วัน,5G,29,,20,,0,,0,
DTAC,แพ็กเกจเสริม,อยากโทรหาใครก็คุ้ม เพราะราคาสบายกระเป๋า,159,บาท,200 นาที ,200 นาที ,(ทุกเครือข่าย),-,-,-,-,-,-,-,-,-,-,-,"ใช้ได้นาน 30 วัน, ต่ออายุอัตโนมัติ",5G,159,,200,,0,,0,
DTAC,แพ็กเกจเสริม,โทรฟรีเบอร์ดีแทค 24 ชม.,14,บาท,ไม่จำกัด,-,,-,-,-,-,-,-,-,-,-,-,-,"ใช้ได้นาน 1 วัน, โทรได้สูงสุด 1 ชม./ครั้ง",5G,13.91,,0,,0,,0,
DTAC,แพ็กเกจเสริม,โทรฟรีเบอร์ดีแทค 120 นาที,16,บาท,120 นาที ,-,,-,-,-,-,-,-,-,-,-,-,-,ใช้ได้นาน 1 วัน,5G,16.05,,0,,0,,0,
DTAC,แพ็กเกจเสริม,โทรทุกค่าย 240 นาที ใน 30 วัน,100,บาท,240 นาที ,240 นาที ,(ทุกเครือข่าย),-,-,-,-,-,-,-,-,-,-,-,ใช้ได้นาน 30 วัน,5G,100,,240,,0,,0,
DTAC,แพ็กเกจเสริม,โทรทุกค่าย 120 นาที ใน 30 วัน,64,บาท,120 นาที ,120 นาที ,(ทุกเครือข่าย),-,-,-,-,-,-,-,-,-,-,-,ใช้ได้นาน 30 วัน,5G,64.2,,120,,0,,0,
DTAC,แพ็กเกจเสริม,โทรคุ้มค่า : ทุกเครือข่ายวินาทีละ 1 สตางค์,3,บาท,-,-,,-,-,-,1 สต./วินาที,1 สต./วินาที,-,-,-,-,-,-,ใช้ได้นาน 1 วัน,5G,3,,0,,0,,0,
DTAC,แพ็กเกจเสริม,คุยดึก (4 ทุ่ม - ตี 2),5,บาท,ไม่จำกัด,-,,-,-,-,-,-,-,-,-,-,-,-,"ใช้ได้นาน 1 วัน ช่วงเวลา 4 ทุ่ม - ตี 2, ช่วงเวลาโทรฟรี โทรได้สูงสุด 1ชม./ครั้ง",5G,5,,0,,0,,0,
DTAC,แพ็กเกจเสริม,เม้าท์มัน 18 ชม. (5 ทุ่ม - 5 โมงเย็น),10,บาท,ไม่จำกัด,-,,-,-,-,-,-,-,-,-,-,-,-,"ใช้ได้นาน 1 วัน ช่วงเวลา 5 ทุ่ม - 5 โมงเย็น, ช่วงเวลาโทรฟรี โทรได้สูงสุด 1ชม./ครั้ง",5G,9.63,,0,,0,,0,
DTAC,แพ็กเกจเสริม,เม้าท์มัน 18 ชม. (5 ทุ่ม - 5 โมงเย็น) - 3 วัน,26,บาท,ไม่จำกัด,-,,-,-,-,-,-,-,-,-,-,-,-,"ใช้ได้นาน 3 วัน ช่วงเวลา 5 ทุ่ม - 5 โมงเย็น, ช่วงเวลาโทรฟรี โทรได้สูงสุด 1ชม./ครั้ง",5G,25.58,,0,,0,,0,
DTAC,แพ็กเกจเสริม,เม้าท์มัน 18 ชม. (5 ทุ่ม - 5 โมงเย็น) - 7 วัน,55,บาท,ไม่จำกัด,-,,-,-,-,-,-,-,-,-,-,-,-,"ใช้ได้นาน 7 วัน ช่วงเวลา 5 ทุ่ม - 5 โมงเย็น, ช่วงเวลาโทรฟรี โทรได้สูงสุด 1ชม./ครั้ง",5G,55,,0,,0,,0,
DTAC,แพ็กเกจเสริม,เซ็ตสุดคุ้ม Max Combo 699 บาท,748,บาท,300 นาที ,300 นาที ,(ทุกเครือข่าย),8 GB,100 Mbps,Dtac Wifi (ไม่จำกัด),1.5 บ./นาที,1.5 บ./นาที,-,-,-,-,-,-,"ใช้ได้นาน 30 วัน, ต่ออายุอัตโนมัติหลังจากใช้งาน Internet ครบตามปริมาณที่กำหนด สามารถเล่นเน็ตได้ต่อเนื่อง ความเร็วสูงสุด 128 Kbps",5G,747.93,,300,,8,,100,
DTAC,แพ็กเกจเสริม,เซ็ตสุดคุ้ม Max Combo 499 บาท,534,บาท,200 นาที ,200 นาที ,(ทุกเครือข่าย),4 GB,100 Mbps,Dtac Wifi (ไม่จำกัด),1.5 บ./นาที,1.5 บ./นาที,-,-,-,-,-,-,"ใช้ได้นาน 30 วัน, ต่ออายุอัตโนมัติหลังจากใช้งาน Internet ครบตามปริมาณที่กำหนด สามารถเล่นเน็ตได้ต่อเนื่อง ความเร็วสูงสุด 128 Kbps",5G,533.93,,200,,4,,100,
DTAC,แพ็กเกจเสริม,เซ็ตสุดคุ้ม Max Combo 399 บาท,427,บาท,150 นาที ,150 นาที ,(ทุกเครือข่าย),3 GB,100 Mbps,Dtac Wifi (ไม่จำกัด),1.5 บ./นาที,1.5 บ./นาที,-,-,-,-,-,-,"ใช้ได้นาน 30 วัน, ต่ออายุอัตโนมัติหลังจากใช้งาน Internet ครบตามปริมาณที่กำหนด สามารถเล่นเน็ตได้ต่อเนื่อง ความเร็วสูงสุด 128 Kbps",5G,426.93,,150,,3,,100,
DTAC,แพ็กเกจเสริม,เซ็ตสุดคุ้ม Max Combo 299 บาท,320,บาท,100 นาที ,100 นาที ,(ทุกเครือข่าย),750 MB,100 Mbps,Dtac Wifi (ไม่จำกัด),1.5 บ./นาที,1.5 บ./นาที,-,-,-,-,-,-,"ใช้ได้นาน 30 วัน, ต่ออายุอัตโนมัติหลังจากใช้งาน Internet ครบตามปริมาณที่กำหนด สามารถเล่นเน็ตได้ต่อเนื่อง ความเร็วสูงสุด 128 Kbps",5G,319.93,,100,,0.75,,100,
DTAC,แพ็กเกจเสริม,เซ็ตสุดคุ้ม สมาร์ทโฟน 199 บาท,213,บาท,100 นาที ,100 นาที ,(ทุกเครือข่าย),500 MB,100 Mbps,-,1.5 บ./นาที,1.5 บ./นาที,-,-,-,-,-,-,"ใช้ได้นาน 30 วัน, ต่ออายุอัตโนมัติ, หลังจากใช้งาน Internet ครบตามปริมาณที่กำหนด สามารถเล่นเน็ตได้ต่อเนื่อง ความเร็วสูงสุด 384 Kbps",5G,212.93,,100,,0.5,,100,
DTAC,แพ็กเกจเสริม,เน็ตตูมตาม! เร็วแรง เต็มสปีด 600MB,20,บาท,-,-,,600 MB,Full Speed,-,-,-,-,-,-,-,-,-,ใช้ได้นาน 1 วัน,5G,20.33,,0,,0.6,,9999,
DTAC,แพ็กเกจเสริม,เน็ตตูมตาม! เร็วแรง เต็มสปีด 1.5GB,37,บาท,-,-,,1.5 GB,Full Speed,-,-,-,-,-,-,-,-,-,ใช้ได้นาน 1 วัน,5G,37.45,,0,,1.5,,9999,
DTAC,แพ็กเกจเสริม,เน็ตตูมตาม! เร็วแรง เต็มสปีด 3GB,48,บาท,-,-,,3 GB,Full Speed,-,-,-,-,-,-,-,-,-,ใช้ได้นาน 1 วัน,5G,48.15,,0,,3,,9999,
DTAC,แพ็กเกจเสริม,เน็ตตูมตาม! เร็วแรง เต็มสปีด 1.5GB,59,บาท,-,-,,1.5 GB,Full Speed,-,-,-,-,-,-,-,-,-,ใช้ได้นาน 3 วัน,5G,58.85,,0,,1.5,,9999,
DTAC,แพ็กเกจเสริม,เน็ตตูมตาม! เร็วแรง เต็มสปีด 3GB,80,บาท,-,-,,3 GB,Full Speed,-,-,-,-,-,-,-,-,-,ใช้ได้นาน 3 วัน,5G,80.25,,0,,3,,9999,
DTAC,แพ็กเกจเสริม,เน็ตตูมตาม! เร็วแรง เต็มสปีด 5GB,102,บาท,-,-,,5 GB,Full Speed,-,-,-,-,-,-,-,-,-,ใช้ได้นาน 3 วัน,5G,101.65,,0,,5,,9999,
DTAC,แพ็กเกจเสริม,"
เน็ตตูมตาม(8GB+8GB)! เร็วแรง เต็มสปีด 16GB",159,บาท,-,-,,16 GB,Full Speed,-,-,-,-,-,-,-,-,-,ใช้ได้นาน 7 วัน,5G,159.43,,0,,16,,9999,
DTAC,แพ็กเกจเสริม,เน็ตตูมตาม! เร็วแรง เต็มสปีด 4GB,106,บาท,-,-,,4 GB,Full Speed,-,-,-,-,-,-,-,-,-,ใช้ได้นาน 7 วัน,5G,105.93,,0,,4,,9999,
DTAC,แพ็กเกจเสริม,เน็ตตูมตาม! เร็วแรง เต็มสปีด 1.5GB,85,บาท,-,-,,1.5 GB,Full Speed,-,-,-,-,-,-,-,-,-,ใช้ได้นาน 7 วัน,5G,84.53,,0,,1.5,,9999,
DTAC,แพ็กเกจเสริม,เน็ตตูมตาม(ราคาพิเศษ)! เร็วแรง เต็มสปีด 10GB,202,บาท,-,-,,10 GB,Full Speed,-,-,-,-,-,-,-,-,-,ใช้ได้นาน 15 วัน,5G,202.23,,0,,10,,9999,
DTAC,แพ็กเกจเสริม,เน็ตตูมตาม! เร็วแรง เต็มสปีด 2GB,213,บาท,-,-,,2 GB,Full Speed,-,-,-,-,-,-,-,-,-,ใช้ได้นาน 30 วัน,5G,212.93,,0,,2,,9999,
DTAC,แพ็กเกจเสริม,เน็ตตูมตาม! เร็วแรง เต็มสปีด 6GB,320,บาท,-,-,,6 GB,Full Speed,-,-,-,-,-,-,-,-,-,ใช้ได้นาน 30 วัน,5G,319.93,,0,,6,,9999,
DTAC,แพ็กเกจเสริม,เน็ตตูมตาม! เร็วแรง เต็มสปีด 12GB,534,บาท,-,-,,12 GB,Full Speed,-,-,-,-,-,-,-,-,-,ใช้ได้นาน 30 วัน,5G,533.93,,0,,12,,9999,
DTAC,แพ็กเกจเสริม,เน็ตความเร็วสูงสุด 100MB เมื่อใช้ครบ FUP ที่ 384kbps ตลอดวัน,20,บาท,-,-,,100 MB,FUP 384 Kbps,-,-,-,-,-,-,-,-,-,"ใช้ได้นาน 1 วัน, หลังจากใช้อินเทอร์เน็ตครบตามจำนวนในแพ็กเกจ จะปรับความเร็วเหลือไม่เกิน 384Kbps",5G,20.33,,0,,0.1,,0.384,
DTAC,แพ็กเกจเสริม,เน็ตนี้พี่โอเค:ความเร็ว 512Kbps เล่นได้ 500MB,24,บาท,-,-,,500 MB,Full Speed,-,-,-,-,-,-,-,-,-,ใช้ได้นาน 1 วัน,5G,23.54,,0,,0.5,,9999,
DTAC,แพ็กเกจเสริม,เน็ตนี้พี่โอเค:ความเร็ว 1Mbps เล่นได้ 500MB,27,บาท,-,-,,500 MB,Full Speed,-,-,-,-,-,-,-,-,-,ใช้ได้นาน 1 วัน,5G,26.75,,0,,0.5,,9999,
DTAC,แพ็กเกจเสริม,เน็ตนี้พี่โอเค:ความเร็ว 4Mbps เล่นได้ 1GB,34,บาท,-,-,,1 GB,Full Speed,-,-,-,-,-,-,-,-,-,ใช้ได้นาน 1 วัน,5G,34.24,,0,,1,,9999,
DTAC,แพ็กเกจเสริม,เน็ตนี้พี่โอเค:ความเร็ว 10Mbps เล่นได้ 2GB,59,บาท,-,-,,2 GB,Full Speed,-,-,-,-,-,-,-,-,-,ใช้ได้นาน 1 วัน,5G,58.85,,0,,2,,9999,
DTAC,แพ็กเกจเสริม,เน็ตนี้พี่โอเค:ความเร็ว 512Kbps เล่นได้ 2.5GB,95,บาท,-,-,,2.5 GB,Full Speed,-,-,-,-,-,-,-,-,-,ใช้ได้นาน 7 วัน,5G,95.23,,0,,2.5,,9999,
DTAC,แพ็กเกจเสริม,เน็ตนี้พี่โอเค:ความเร็ว 1Mbps เล่นได้ 2.5GB,128,บาท,-,-,,7 GB,Full Speed,-,-,-,-,-,-,-,-,-,ใช้ได้นาน 7 วัน,5G,128.4,,0,,7,,9999,
DTAC,แพ็กเกจเสริม,เน็ตนี้พี่โอเค:ความเร็ว 4Mbps เล่นได้ 7GB,235,บาท,-,-,,7 GB,Full Speed,-,-,-,-,-,-,-,-,-,ใช้ได้นาน 7 วัน,5G,235.4,,0,,7,,9999,
DTAC,แพ็กเกจเสริม,เน็ตนี้พี่โอเค:ความเร็ว 10Mbps เล่นได้ 14GB,353,บาท,-,-,,14 GB,Full Speed,-,-,-,-,-,-,-,-,-,ใช้ได้นาน 7 วัน,5G,353.1,,0,,14,,9999,
DTAC,แพ็กเกจเสริม,เน็ตนี้พี่โอเค:ความเร็ว 512Kbps เล่นได้ 7.5GB,300,บาท,-,-,,7.5 GB,Full Speed,-,-,-,-,-,-,-,-,-,ใช้ได้นาน 30 วัน,5G,300,,0,,7.5,,9999,
DTAC,แพ็กเกจเสริม,เน็ตนี้พี่โอเค:ความเร็ว 1Mbps เล่นได้ 7.5GB,375,บาท,-,-,,7.5 GB,Full Speed,-,-,-,-,-,-,-,-,-,ใช้ได้นาน 30 วัน,5G,374.5,,0,,7.5,,9999,
DTAC,แพ็กเกจเสริม,เน็ตนี้พี่โอเค:ความเร็ว 4Mbps เล่นได้ 20GB,696,บาท,-,-,,20 GB,Full Speed,-,-,-,-,-,-,-,-,-,ใช้ได้นาน 30 วัน,5G,695.5,,0,,20,,9999,
DTAC,แพ็กเกจเสริม,เน็ตนี้พี่โอเค:ความเร็ว 10Mbps เล่นได้ 33GB,"1,100",บาท,-,-,,33 GB,Full Speed,-,-,-,-,-,-,-,-,-,ใช้ได้นาน 30 วัน,5G,1100,,0,,33,,9999,
DTAC,แพ็กเกจเสริม,โปรเสริมเพิ่มความเร็วเน็ต 5GB,106,บาท,-,-,,5 GB,Full Speed,-,-,-,-,-,-,-,-,-,"ต้องมีแพ็กเกจอินเทอร์เน็ตแบบใช้งานได้ต่อเนื่องก่อนจึงจะสมัครโปรเสริมเพิ่มความเร็วเน็ตได้, ใช้ได้นาน 7 วัน",5G,105.93,,0,,5,,9999,
DTAC,แพ็กเกจเสริม,โปรเสริมเพิ่มความเร็วเน็ต 100MB,5,บาท,-,-,,100 MB,Full Speed,-,-,-,-,-,-,-,-,-,"ต้องมีแพ็กเกจอินเทอร์เน็ตแบบใช้งานได้ต่อเนื่องก่อนจึงจะสมัครโปรเสริมเพิ่มความเร็วเน็ตได้, ใช้ได้นาน 1 วัน",5G,5.35,,0,,0.1,,9999,
DTAC,แพ็กเกจเสริม,โปรเสริมความเร็วเน็ตเต็มสปีด 300MB,10,บาท,-,-,,300 MB,Full Speed,-,-,-,-,-,-,-,-,-,"ต้องมีแพ็กเกจอินเทอร์เน็ตแบบใช้งานได้ต่อเนื่องก่อนจึงจะสมัครโปรเสริมเพิ่มความเร็วเน็ตได้, ใช้ได้นาน 1 วัน",5G,9.63,,0,,0.3,,9999,
DTAC,แพ็กเกจเสริม,โปรเสริมความเร็วเน็ตเต็มสปีด 500MB,13,บาท,-,-,,500 MB,Full Speed,-,-,-,-,-,-,-,-,-,"ต้องมีแพ็กเกจอินเทอร์เน็ตแบบใช้งานได้ต่อเนื่องก่อนจึงจะสมัครโปรเสริมเพิ่มความเร็วเน็ตได้, ใช้ได้นาน 1 วัน",5G,12.84,,0,,0.5,,9999,
DTAC,แพ็กเกจเสริม,โปรเสริมความเร็วเน็ตเต็มสปีด 700MB,16,บาท,-,-,,700 MB,Full Speed,-,-,-,-,-,-,-,-,-,"ต้องมีแพ็กเกจอินเทอร์เน็ตแบบใช้งานได้ต่อเนื่องก่อนจึงจะสมัครโปรเสริมเพิ่มความเร็วเน็ตได้, ใช้ได้นาน 1 วัน",5G,16.05,,0,,0.7,,9999,
DTAC,แพ็กเกจเสริม,โปรเสริมเพิ่มความเร็วเน็ต 1GB,42,บาท,-,-,,1 GB,Full Speed,-,-,-,-,-,-,-,-,-,"ต้องมีแพ็กเกจอินเทอร์เน็ตแบบใช้งานได้ต่อเนื่องก่อนจึงจะสมัครโปรเสริมเพิ่มความเร็วเน็ตได้, ใช้ได้นาน 3 วัน",5G,41.73,,0,,1,,9999,
DTAC,แพ็กเกจเสริม,โปรเสริมความเร็วเน็ตเต็มสปีด 2GB,52,บาท,-,-,,2 GB,Full Speed,-,-,-,-,-,-,-,-,-,"ต้องมีแพ็กเกจอินเทอร์เน็ตแบบใช้งานได้ต่อเนื่องก่อนจึงจะสมัครโปรเสริมเพิ่มความเร็วเน็ตได้, ใช้ได้นาน 7 วัน",5G,52.43,,0,,2,,9999,
DTAC,แพ็กเกจเสริม,โทรฟรีทุกเครือข่าย 100 นาที & dtac internet 1GB นาน30วัน,99,บาท,100 นาที ,100 นาที ,(ทุกเครือข่าย),1 GB,Full Speed,-,-,-,-,-,-,-,-,-,ใช้ได้นาน 30 วัน,5G,99,,100,,1,,9999,
DTAC,โปรโมชั่นมือถือ,Samsung Galaxy A02s,700,บาท,-,-,,-,-,-,-,-,-,-,-,-,-,"สามารถเลือกรับสิทธิพิเศษได้ 1 สิทธิ์ (โทรฟรี 100 นาที นาน 6 เดือน, เน็ตฟรี 10GB นาน 6 เดือน, ดูฟรี YouTube ไม่เสียค่าเน็ต นาน 6 เดือน, ฟรีประกัน COVID-19 นาน 90 วัน, เปลี่ยนหน้าจอฟรี 1 ครั้ง ภายใน 1 ปี)","เมื่อสมัครแพ็กเกจเริ่มต้น 699 (สัญญา 12 เดือน), เครื่องจะถูกล็อก หากค้างชำระค่าบริการรายเดือนเกิน 2 รอบบิลติดกัน",,700,,0,,0,,0,
DTAC,โปรโมชั่นมือถือ,Vivo Y12,"1,190",บาท,-,-,,-,-,-,-,-,-,-,-,-,-,"สามารถเลือกรับสิทธิพิเศษได้ 1 สิทธิ์ (โทรฟรี 100 นาที นาน 6 เดือน, เน็ตฟรี 10GB นาน 6 เดือน, ดูฟรี YouTube ไม่เสียค่าเน็ต นาน 6 เดือน, ฟรีประกัน COVID-19 นาน 90 วัน, เปลี่ยนหน้าจอฟรี 1 ครั้ง ภายใน 1 ปี)","เมื่อสมัครแพ็กเกจเริ่มต้น 599 (สัญญา 12 เดือน), เครื่องจะถูกล็อก หากค้างชำระค่าบริการรายเดือนเกิน 2 รอบบิลติดกัน",,1190,,0,,0,,0,
DTAC,โปรโมชั่นมือถือ,OPPO A15,"1,190",บาท,-,-,,-,-,-,-,-,-,-,-,-,-,"สามารถเลือกรับสิทธิพิเศษได้ 1 สิทธิ์ (โทรฟรี 100 นาที นาน 6 เดือน, เน็ตฟรี 10GB นาน 6 เดือน, ดูฟรี YouTube ไม่เสียค่าเน็ต นาน 6 เดือน, ฟรีประกัน COVID-19 นาน 90 วัน, เปลี่ยนหน้าจอฟรี 1 ครั้ง ภายใน 1 ปี)","เมื่อสมัครแพ็กเกจเริ่มต้น 599 (สัญญา 12 เดือน), เครื่องจะถูกล็อก หากค้างชำระค่าบริการรายเดือนเกิน 2 รอบบิลติดกัน",,1190,,0,,0,,0,
DTAC,โปรโมชั่นมือถือ,Samsung Galaxy A12,"1,990",บาท,-,-,,-,-,-,-,-,-,-,-,-,-,"สามารถเลือกรับสิทธิพิเศษได้ 1 สิทธิ์ (โทรฟรี 100 นาที นาน 6 เดือน, เน็ตฟรี 10GB นาน 6 เดือน, ดูฟรี YouTube ไม่เสียค่าเน็ต นาน 6 เดือน, ฟรีประกัน COVID-19 นาน 90 วัน, เปลี่ยนหน้าจอฟรี 1 ครั้ง ภายใน 1 ปี)","เมื่อสมัครแพ็กเกจเริ่มต้น 599 (สัญญา 12 เดือน), เครื่องจะถูกล็อก หากค้างชำระค่าบริการรายเดือนเกิน 2 รอบบิลติดกัน",,1990,,0,,0,,0,
DTAC,โปรโมชั่นมือถือ,realme C21,"1,390",บาท,-,-,,-,-,-,-,-,-,-,-,-,-,"สามารถเลือกรับสิทธิพิเศษได้ 1 สิทธิ์ (โทรฟรี 100 นาที นาน 6 เดือน, เน็ตฟรี 10GB นาน 6 เดือน, ดูฟรี YouTube ไม่เสียค่าเน็ต นาน 6 เดือน, ฟรีประกัน COVID-19 นาน 90 วัน, เปลี่ยนหน้าจอฟรี 1 ครั้ง ภายใน 1 ปี)","เมื่อสมัครแพ็กเกจเริ่มต้น 599 (สัญญา 12 เดือน), เครื่องจะถูกล็อก หากค้างชำระค่าบริการรายเดือนเกิน 2 รอบบิลติดกัน",,1390,,0,,0,,0,
DTAC,โปรโมชั่นมือถือ,realme C12,490,บาท,-,-,,-,-,-,-,-,-,-,-,-,-,"สามารถเลือกรับสิทธิพิเศษได้ 1 สิทธิ์ (โทรฟรี 100 นาที นาน 6 เดือน, เน็ตฟรี 10GB นาน 6 เดือน, ดูฟรี YouTube ไม่เสียค่าเน็ต นาน 6 เดือน, ฟรีประกัน COVID-19 นาน 90 วัน, เปลี่ยนหน้าจอฟรี 1 ครั้ง ภายใน 1 ปี)","เมื่อสมัครแพ็กเกจเริ่มต้น 599 (สัญญา 12 เดือน), เครื่องจะถูกล็อก หากค้างชำระค่าบริการรายเดือนเกิน 2 รอบบิลติดกัน",,490,,0,,0,,0,
DTAC,โปรโมชั่นมือถือ,Xiaomi Redmi 9T 6/128GB,"2,090",บาท,-,-,,-,-,-,-,-,-,-,-,-,-,"สามารถเลือกรับสิทธิพิเศษได้ 1 สิทธิ์ (โทรฟรี 100 นาที นาน 6 เดือน, เน็ตฟรี 10GB นาน 6 เดือน, ดูฟรี YouTube ไม่เสียค่าเน็ต นาน 6 เดือน, ฟรีประกัน COVID-19 นาน 90 วัน, เปลี่ยนหน้าจอฟรี 1 ครั้ง ภายใน 1 ปี)","เมื่อสมัครแพ็กเกจเริ่มต้น 699 (สัญญา 12 เดือน), เครื่องจะถูกล็อก หากค้างชำระค่าบริการรายเดือนเกิน 2 รอบบิลติดกัน",,2090,,0,,0,,0,
